Joueur;Poste;Note;Variation;Buts;%Titu;Min note/but;Club;Victoire probable;%Victoire J+10;%Victoire J+14;%Victoire J+18;Clean sheet;But/Peno;But/Coup-franc;But|Surface;Pass D&but;Occas créée;Tirs;Tirs-1an;Tirs cadrés;Tirs cadrés-1an;Corners gagnés;%Passes;Ballons;Interceptions;Tacles;Duel G/P;Fautes;Buts évités;Actions stoppées;PossDef;PossMid;Centres G/P;Dégagements;Buts concédés;Ballons perdus;Passe>Tir;PassPerfo;Dépossédé;Plonge&Stop;Nb Gagné;Erreur>But;DiffButs;Gross ocaz manquée;Gross ocaz manquée-1an;Balle manquée;Bonus moy;Malus moy;Index MPGStats;Indispo ?
Fati;A;6,67;1,44;5;33;5;Monaco;77,91;57,518;60,319;59,308;;3;;;;;7;17;5;12;;78,39;102;;3;52,63;1;;;2;2;0;;3;21;5;5;;;;;1;;1;1;251,93;-51,5;48,6;FALSE
Panichelli;A;5,43;1,43;5;86;5;Strasbourg;18,29;52,126;51,866;51,603;4;2;;;;1;18;18;11;11;1;74,7;215;3;2;36,25;9;;;5;6;0;10;5;62;5;11;9;;3;;7;4;4;15;163,19;-75,66;17,8;FALSE
Kebbal;MO;6,64;0,9;4;100;7;Paris FC;28,71;31,83;34,544;33,762;2;1;;;2;3;16;44;11;28;9;85,48;555;2;5;60,66;3;;;14;11;54,35;3;11;95;14;16;9;;;;-1;2;6;8;269,54;-93,34;5,03;FALSE
Lepaul;A;5,57;1,27;4;100;6;Rennes;57,29;46,206;47,639;46,507;1,5;;;;1;1;13;53;8;39;3;71,52;167;;;25;9;;;4;4;50;1;5;48;4;2;3;;1;;2;3;8;11;125,76;-37,11;16,2;FALSE
João Neves;MD;6,5;1,8;3;67;8,5;Paris;81,71;86,587;84,868;85,501;1;;;1;;;6;26;3;17;;92,77;209;1;;50;2;;;4;2;0;;3;14;1;4;;;3;;6;;2;4;238,83;-41,83;-2,43;FALSE
Del Castillo;A;6,17;1,69;3;100;6,5;Brest;60,63;46,703;47,511;48,014;1;2;;;2;3;10;22;8;17;5;71,82;333;6;11;45,33;11;;;10;17;58,14;1;8;102;13;16;8;;-1;;;;2;15;261,22;-100,17;12,33;FALSE
Pagis;A;5,88;1,75;3;50;6,5;Lorient;39,37;38,616;38,894;39,684;;;;1;;1;7;44;6;36;1;75,91;124;4;1;38,1;3;;;1;6;57,14;1;3;32;2;11;3;;;;3;1;3;4;160,82;-52,45;21,35;FALSE
Soumaré;A;5,86;1,65;3;100;6,5;Le Havre;21,4;33,361;32,121;31,78;1,5;1;;;1;5;16;51;11;33;6;74,6;298;3;4;46,85;13;;;6;15;58,33;7;8;80;9;11;11;;-2;;-2;3;7;22;232,51;-107,77;10,37;FALSE
Aubameyang;A;5,7;1,4;3;40;6;Marseille;78,6;66,907;65,096;64,196;0,5;;;;;2;6;6;5;5;2;80,06;95;1;;42,11;2;;;1;;54,55;2;3;22;2;3;2;;1;;3;2;2;7;135,76;-30,2;16,14;FALSE
Barcola;A;5,67;1,51;3;83;7,5;Paris;81,71;86,587;84,868;85,501;3;;;2;;1;16;71;10;46;4;87,63;237;3;1;36,96;4;;;2;6;50;;1;50;8;6;5;;5;;9;4;22;7;153,48;-55,98;11,2;FALSE
Ndiaye;MD;5,64;0,94;3;71;5,5;Le Havre;21,4;33,361;32,121;31,78;0,5;;;;;;8;18;5;10;4;88,58;202;2;3;48,57;4;;;7;9;52;3;7;26;1;13;1;;-2;;-2;1;1;6;151,57;-76,29;-4,14;FALSE
Diop;MO;5,43;1,27;3;57;7;Nice;36,79;44,669;46,073;47,603;3;1;;;;1;13;34;8;23;3;79,9;258;2;2;44;5;;;4;9;50;2;7;64;8;7;7;;-1;;-3;;3;8;138,81;-83,67;1,01;FALSE
Tosin;A;5,29;1,25;3;71;4,5;Lorient;39,37;38,616;38,894;39,684;2;;;;;;13;45;8;26;;78,88;139;1;3;45,95;4;;;3;3;50;;5;33;6;6;7;;-2;;-7;1;4;2;118,86;-55,27;13,29;FALSE
Magri;A;5;1,73;3;100;6;Toulouse;67,12;53,299;54,256;54,084;3;;;;;1;16;54;10;36;5;73,16;191;3;1;41,3;11;;;2;6;57,14;6;7;58;5;8;11;;;;-1;2;7;15;123,5;-79,49;11,14;FALSE
Godo;A;6,17;1,76;2;67;8;Strasbourg;18,29;52,126;51,866;51,603;2;;;;;;4;4;3;3;1;89,44;86;2;;42,86;1;;;2;3;60;2;;18;;3;5;;3;;7;;;5;205,43;-47,33;19,1;FALSE
Greenwood;A;6;1,15;2;86;7;Marseille;78,6;66,907;65,096;64,196;3;2;;;3;4;19;114;12;81;5;81,98;402;2;1;34,88;4;;;3;5;60;1;3;95;17;9;5;;3;;10;2;11;12;209,31;-92,56;4,49;FALSE
Tolisso;MD;6;0,91;2;100;6,5;Lyon;63,21;62,089;62,786;62,191;5;;;;;2;12;52;8;32;3;83,18;417;6;3;50,6;12;;;5;16;55,56;7;5;70;8;17;10;;3;;4;2;6;7;188,29;-81,87;-3,59;FALSE
Saïd;A;5,93;1,51;2;86;7;Lens;71,29;60,74;60,25;60,218;1,5;1;;;2;5;12;21;9;14;5;80,33;201;3;4;38,46;13;;;7;6;55,56;6;4;46;8;8;6;;2;;4;4;6;9;189,71;-66,93;6,23;FALSE
Emegha;A;5,88;0,85;2;50;6;Strasbourg;18,29;52,126;51,866;51,603;2;;;;2;2;10;54;8;37;1;64,29;45;;;46,67;6;;;;4;0;5;2;7;2;1;1;;2;;2;2;16;2;141;-29,15;15,02;TRUE
Thauvin;MO;5,86;1,11;2;86;7;Lens;71,29;60,74;60,25;60,218;1,5;1;;;;3;11;55;6;41;9;78,67;365;2;5;43,48;4;;;7;13;57,5;2;5;105;15;10;11;;2;;4;2;6;15;207,13;-105,19;-1,81;FALSE
Fofana;A;5,86;1,21;2;100;6,5;Lyon;63,21;62,089;62,786;62,191;4;;;;1;3;14;41;12;33;9;82,32;284;3;3;48,33;11;;;8;5;59,38;2;3;60;8;15;3;;3;;4;4;7;15;189,81;-79,67;6,51;FALSE
Labeau Lascary;A;5,83;1,26;2;33;6;Brest;60,63;46,703;47,511;48,014;1;;;;;;3;9;2;6;1;85,35;44;1;;34,78;6;;;3;3;0;;;10;1;2;1;;1;;4;;;3;133,23;-26,83;20,37;TRUE
Haraldsson;MO;5,83;1,21;2;100;6,5;Lille;76,08;71,844;67,073;68,927;1;;;;;;11;40;7;27;5;83,42;313;1;4;54;6;;;5;18;50;1;9;59;11;11;3;;;;3;2;7;7;175,45;-78,48;2,28;FALSE
Fernandez-Pardo;A;5,79;1,32;2;71;8,5;Lille;76,08;71,844;67,073;68,927;;;;;1;3;11;34;8;28;3;81,71;221;1;2;61,11;2;;;2;7;56;1;9;39;9;14;5;;1;;4;2;5;5;164,69;-61,89;8,61;FALSE
Blas;MO;5,75;0,88;2;83;6,5;Rennes;57,29;46,206;47,639;46,507;0,5;1;;;;1;11;48;7;33;5;89,68;236;4;2;39,53;3;;;8;8;53,85;1;5;38;6;8;5;;1;;-1;;5;7;162,42;-88,72;-3,75;FALSE
Simon;MO;5,71;0,95;2;100;6;Paris FC;28,71;31,83;34,544;33,762;2;;;;2;3;15;43;9;32;9;81,01;244;5;2;31,03;1;;;6;7;55,17;1;6;66;6;9;16;;;;-1;1;3;14;167,51;-83,96;-0,16;FALSE
Akliouche;MO;5,67;0,93;2;100;6,5;Monaco;77,91;57,518;60,319;59,308;;;;;1;2;10;63;6;37;8;81,17;382;4;7;28,57;5;;;9;19;54,17;6;6;89;9;11;12;;3;;6;1;8;15;189,32;-109,25;-3,33;FALSE
Doucouré;DL;5,57;1,27;2;57;7;Le Havre;21,4;33,361;32,121;31,78;0,5;;;;;2;7;18;5;7;2;78,35;223;4;7;50;3;;;7;8;55,81;5;5;48;8;12;5;;-2;;-2;;;12;154,43;-87,79;-5,24;FALSE
Sinayoko;A;5,5;1,29;2;100;6,5;Auxerre;42,71;43,938;41,734;43,012;2;;;1;1;2;15;61;9;38;5;73,79;248;3;4;41,84;6;;;4;3;50;2;7;82;9;11;16;;-3;;-5;1;7;18;148,26;-87,46;4,8;FALSE
Mbappé;MO;5,5;0,58;2;0;6;Lille;76,08;71,844;67,073;68,927;;;;;;;3;10;3;8;;87,85;39;;;14,29;;;;;;100;;;9;4;1;1;;-1;;-3;;1;;82,38;-18,12;4,68;FALSE
Doumbia;MD;5,43;1,37;2;100;7,5;Brest;60,63;46,703;47,511;48,014;2,5;;;;1;1;16;36;12;23;6;83,4;325;4;10;44,44;9;;;6;14;50;2;8;87;6;10;9;;-1;1;;;4;25;179,57;-115;-7,26;FALSE
Ouattara;MO;5,43;1,13;2;71;7;Strasbourg;18,29;52,126;51,866;51,603;2;;;;;2;6;11;5;10;2;88,23;290;5;2;24,14;7;;;6;9;58,33;9;5;43;2;6;4;;3;;7;;1;6;130,86;-97,57;-6,84;FALSE
Fofana;A;5,43;0,89;2;57;6,5;Lens;71,29;60,74;60,25;60,218;1;;;;;;17;17;8;8;4;70,57;167;2;2;54,1;4;;;1;4;50;4;4;46;2;8;7;;2;;4;4;4;13;110,91;-41,23;7,79;FALSE
Gboho;MO;5,36;0,8;2;86;6;Toulouse;67,12;53,299;54,256;54,084;2;;;;;;9;44;7;37;3;72,45;248;3;4;48,19;4;;;10;14;63,64;;8;84;10;10;18;;;;-1;;4;17;129,53;-71,83;1,47;FALSE
Dembélé;A;5,33;1,53;2;67;7;Paris;81,71;86,587;84,868;85,501;1;2;;;1;1;7;80;2;54;2;85,9;201;;1;47,37;1;;;;;58,33;;1;32;9;2;3;;3;;5;1;15;3;179,73;-115,17;15,57;TRUE
Igamane;A;5,2;1,6;2;0;8;Lille;76,08;71,844;67,073;68,927;;;;;1;1;8;8;5;5;1;70,67;71;2;1;34,78;3;;;;5;50;;1;23;2;2;5;;;;3;1;1;3;92,82;-25;11,6;FALSE
Giroud;A;5,08;1,36;2;100;6;Lille;76,08;71,844;67,073;68,927;1;;;;;1;16;16;9;9;1;68,82;182;2;3;54,67;11;;;2;4;0;6;9;49;6;9;4;;;;-2;2;2;9;108,32;-59,3;10,05;FALSE
Boga;A;5,07;1,21;2;57;6,5;Nice;36,79;44,669;46,073;47,603;1;;;;;1;9;33;4;21;5;80,73;177;3;2;62,07;;;;4;1;62,5;;8;39;8;6;2;;-1;;-3;1;5;7;110,1;-61,26;8,6;FALSE
Minamino;MO;4,93;0,93;2;86;6;Monaco;77,91;57,518;60,319;59,308;0,5;;;;1;1;8;58;5;35;3;70,93;219;1;1;16,67;5;;;1;6;50;1;5;59;2;7;5;;2;;4;1;8;8;105,39;-83,36;-2,74;FALSE
Krasso;A;4,93;1,13;2;29;6;Paris FC;28,71;31,83;34,544;33,762;1;1;;;1;1;9;74;7;51;1;74,73;110;;2;31,71;3;;;1;2;50;1;4;40;4;6;3;;;;-1;3;9;14;79,37;-42,36;7,33;FALSE
Ilenikhena;A;4,83;0,93;2;17;6;Monaco;77,91;57,518;60,319;59,308;;;;;;;6;23;3;12;1;85,56;56;;;45;1;;;;1;0;;1;21;3;2;4;;3;;5;2;8;9;55,27;-25,18;7,95;FALSE
Moffi;A;4,79;0,86;2;57;6;Nice;36,79;44,669;46,073;47,603;1,5;;;;;;11;17;6;11;3;79,55;89;;;38,1;1;;;1;3;0;1;3;30;2;5;3;;-1;;-3;3;6;9;58,49;-32,77;7,79;FALSE
Vitinha;MD;6,43;1,17;1;86;7,5;Paris;81,71;86,587;84,868;85,501;4;;;1;3;3;13;36;9;24;5;94,49;757;3;4;59,26;1;;;7;21;58,33;4;3;49;11;6;4;;4;;8;;2;3;237;-71,36;-8,96;FALSE
Aguerd;DC;6,13;0,95;1;100;7,5;Marseille;78,6;66,907;65,096;64,196;3;;;1;;;2;14;1;5;;90,4;370;5;4;64,29;5;;;10;7;0;12;1;28;1;3;1;;4;;9;;2;2;196,13;-73,75;-1,82;FALSE
Pavard;DC;6,13;0,75;1;75;7;Marseille;78,6;66,907;65,096;64,196;3;;;;;1;3;9;2;7;;86,19;218;4;;60;3;;;4;6;66,67;8;;13;3;1;;;4;;9;;;;169,5;-47;0,88;FALSE
Beraldo;DC;6,1;1,24;1;100;8;Paris;81,71;86,587;84,868;85,501;3;;;;;;2;14;1;5;;96,2;500;3;6;62,5;4;;;9;17;0;29;4;20;;2;;;4;;8;;;3;197,9;-91,6;-3,66;FALSE
Thomasson;MO;6;0,96;1;100;7,5;Lens;71,29;60,74;60,25;60,218;1,5;;;;2;3;10;47;6;34;;79,52;446;6;8;49,3;12;;;26;22;52,94;13;6;88;17;26;6;;2;;4;2;8;10;272,86;-150,93;-11,76;FALSE
Tessmann;MD;6;0,65;1;100;6;Lyon;63,21;62,089;62,786;62,191;5;;;;;2;11;29;5;19;5;86,37;462;7;5;51,67;6;;;18;15;60;18;4;62;4;15;4;;3;;4;1;3;8;212,64;-108,43;-12,07;FALSE
Ruiz;MD;5,9;1,08;1;80;7;Paris;81,71;86,587;84,868;85,501;3;;;;1;1;6;41;4;28;6;92,68;459;6;4;46,15;;;;3;8;50;3;4;43;4;11;1;;3;;6;2;4;9;171;-70,4;-7,48;FALSE
Højbjerg;MD;5,79;0,95;1;86;6;Marseille;78,6;66,907;65,096;64,196;2;;;1;;1;12;38;4;19;;93,1;553;5;1;55,56;10;;;11;17;50;7;5;42;7;8;1;;3;;10;3;5;5;200,07;-98,86;-7,46;FALSE
O'Riley;MD;5,75;1,5;1;75;8;Marseille;78,6;66,907;65,096;64,196;2;;;1;1;3;3;29;2;18;2;88,85;226;4;1;26,09;7;;;4;12;50;4;1;31;5;2;3;;4;;9;;3;5;200,88;-84;-11,15;FALSE
Morton;MD;5,75;1,17;1;100;7;Lyon;63,21;62,089;62,786;62,191;5;;;;;;3;3;3;3;2;87,03;425;;6;48,78;9;;;10;9;58,82;10;2;68;10;9;3;;2;;3;;;7;190,83;-114,25;-17,18;FALSE
Mwanga;MD;5,67;0,75;1;100;7;Nantes;23,92;41,358;41,8;41,795;2,5;;;;;;2;18;1;9;1;89,34;385;5;8;60,38;6;;;11;10;60;11;3;42;6;6;2;;1;;1;;2;8;158,83;-88,83;-9,5;FALSE
Doué;DL;5,67;1,26;1;67;5,5;Strasbourg;18,29;52,126;51,866;51,603;1;;;;1;1;1;15;1;8;;78,05;191;3;5;60,71;3;;;3;6;75;11;3;26;2;4;3;;1;;5;;1;4;211;-142,83;-13,9;FALSE
Perraud;DL;5,58;1,07;1;100;7,5;Lille;76,08;71,844;67,073;68,927;1;;;;1;1;7;19;4;11;3;86,8;374;4;4;54,55;4;;;9;12;58,62;7;5;60;10;13;4;;2;;5;;;8;184,67;-133,5;-13,65;FALSE
Gomes;MO;5,58;0,74;1;100;7;Marseille;78,6;66,907;65,096;64,196;2,5;;;1;;1;4;8;1;2;1;90,26;419;1;3;53,13;9;;;3;10;0;1;4;37;10;6;1;;2;;9;1;2;1;147,25;-68,58;-4,45;FALSE
Ajorque;A;5,57;1,43;1;100;8,5;Brest;60,63;46,703;47,511;48,014;1,5;;;;3;1;15;63;8;38;3;66,63;283;1;4;60;17;;;2;10;50;11;10;91;13;1;9;;-1;;;1;15;19;155;-59,14;3,79;FALSE
Chotard;MD;5,5;0,84;1;83;7;Brest;60,63;46,703;47,511;48,014;1,5;;;1;;;6;24;5;15;2;85,24;263;6;8;54,55;5;;;6;13;50;14;4;36;1;8;1;;-1;;;;;5;155,83;-81,5;-7,72;FALSE
Murillo;DL;5,5;0,91;1;71;7;Marseille;78,6;66,907;65,096;64,196;1,5;;;;;2;3;13;2;7;4;83,21;336;;6;48,89;12;;;8;13;61,11;13;4;52;5;11;2;;3;;10;;1;6;153,07;-109,86;-11,09;FALSE
Mukau;MD;5,5;0;1;80;5,5;Lille;76,08;71,844;67,073;68,927;;;;;;;6;16;5;13;1;90,99;133;2;2;38,46;5;;;2;9;50;2;5;15;2;6;;;;;-2;1;1;3;110,4;-53,9;-3,18;FALSE
Zabarnyi;DC;5,42;1,02;1;83;7;Paris;81,71;86,587;84,868;85,501;4;;;;;;1;11;1;4;;90,55;458;5;5;40,74;3;;;9;16;0;16;5;38;;6;1;;3;;7;;;5;136,08;-98,5;-10,83;FALSE
Marchetti;MD;5,38;0,63;1;75;6;Paris FC;28,71;31,83;34,544;33,762;;;;;;;10;40;6;30;;86,51;152;3;1;55,56;2;;;4;4;0;7;5;19;2;1;3;;;;-2;;2;4;134,25;-89,12;-8;FALSE
Mama Baldé;A;5,38;0,75;1;100;6;Brest;60,63;46,703;47,511;48,014;1;;;;1;;14;39;11;21;2;72,67;121;1;5;44,19;5;;;2;5;50;1;7;36;4;;5;;-3;;-5;;6;11;123,75;-62,87;6,67;TRUE
Igor Paixão;A;5,38;1,11;1;75;7;Marseille;78,6;66,907;65,096;64,196;2;;;;;;7;7;5;5;1;80,61;132;1;2;46,43;3;;;2;5;50;2;1;33;;4;2;;4;;9;;;7;123,4;-52,37;4,93;FALSE
Dønnum;MO;5,36;1,21;1;100;7,5;Toulouse;67,12;53,299;54,256;54,084;2;1;;;1;3;10;39;7;18;7;82,7;371;8;5;46,15;10;;;17;10;52,27;5;9;80;11;10;9;;;;-1;;;12;191,71;-147,09;-8,23;FALSE
Sierralta;DC;5,33;1,13;1;100;6,5;Auxerre;42,71;43,938;41,734;43,012;2;;;;;;5;5;4;4;;88,59;352;6;2;65,22;4;;;8;12;0;32;7;34;;5;;;-2;;-4;;;3;161,32;-127,33;-9,8;TRUE
Nuno Mendes;DL;5,33;0,82;1;50;7;Paris;81,71;86,587;84,868;85,501;2;;1;1;1;2;3;21;3;17;2;90,51;324;2;5;42,86;2;;;12;10;50;4;3;52;8;5;6;;3;;6;;2;10;145,17;-112,92;-13,68;FALSE
Namaso;A;5,33;0,88;1;83;6,5;Auxerre;42,71;43,938;41,734;43,012;1;;;;;1;13;13;8;8;5;76,65;236;1;4;44,83;12;;;12;11;66,67;5;8;71;7;4;14;;-4;;-6;1;1;16;151,95;-99,65;1,12;FALSE
Sidibé;DL;5,29;1,25;1;71;7,5;Toulouse;67,12;53,299;54,256;54,084;2;;;;;;2;5;1;2;3;59,72;251;4;6;68;6;;;8;12;57,14;13;7;55;2;7;;;;;-1;;;4;125,86;-112,29;-11,39;FALSE
Hein;MO;5,25;1,08;1;100;5,5;Metz;32,88;31,043;30,698;29,793;1,5;1;;;2;4;7;60;6;42;6;91,52;422;1;2;36,11;2;;;3;11;53,57;1;13;70;12;7;11;;-4;;-10;;2;11;173;-135,5;-4,43;FALSE
Dier;DC;5,25;1,21;1;100;7,5;Monaco;77,91;57,518;60,319;59,308;;;;;;;3;3;3;3;;92,2;557;7;3;50;6;;;6;11;50;26;8;38;1;5;;;1;;3;;;3;146,92;-124,33;-13,82;FALSE
Gouiri;A;5,25;0,88;1;83;7;Marseille;78,6;66,907;65,096;64,196;1,5;;;;1;1;10;76;8;58;6;85,34;161;1;2;47,62;;;;3;7;50;;3;40;7;2;2;;4;;11;3;11;11;96;-46,23;3,2;FALSE
Le Bris;DL;5,25;0,82;1;50;6,5;Lorient;39,37;38,616;38,894;39,684;1;;;;;1;5;17;4;13;;90,14;147;1;4;63,16;2;;;4;5;53,33;4;7;15;2;6;1;;-1;;-6;;1;1;94,92;-61,42;-4,67;FALSE
Cresswell;DC;5,21;0,81;1;100;4;Toulouse;67,12;53,299;54,256;54,084;2;;;;;;8;35;4;23;1;86,45;404;5;;54,69;8;;;13;12;0;46;9;42;1;1;1;;;;-1;1;5;1;179,91;-150,21;-13,77;FALSE
Sulc;MO;5,21;0,64;1;14;6;Lyon;63,21;62,089;62,786;62,191;1;;;;1;2;7;7;4;4;3;50,49;68;1;;29,17;7;;;2;2;0;;4;22;2;1;2;;3;;4;1;1;8;67,21;-38,29;-1,24;FALSE
Karabec;MO;5,21;0,7;1;71;6,5;Lyon;63,21;62,089;62,786;62,191;5;;;;;;5;5;5;5;6;71,93;200;1;1;55,88;7;;;1;1;53,57;1;;44;8;7;2;;3;;4;1;1;11;90,34;-55,19;-0,1;FALSE
Balogun;A;5,2;0,84;1;60;6;Monaco;77,91;57,518;60,319;59,308;1;;;;1;1;11;20;4;11;2;69,22;126;2;2;47,06;6;;;1;4;50;;4;42;2;8;4;;;;-1;1;3;11;101,46;-57,12;2,88;FALSE
Vaz;A;5,17;0,98;1;17;6,5;Marseille;78,6;66,907;65,096;64,196;1;;;;1;1;3;5;3;4;2;41,67;42;1;3;46,67;4;;;;1;50;1;2;12;2;6;2;;2;;6;2;3;6;70,08;-16,38;3,9;TRUE
Leroux;MO;5,14;0,69;1;71;6,5;Nantes;23,92;41,358;41,8;41,795;1;;;;;;3;12;3;10;1;71,57;248;3;7;57,58;3;;;7;7;61,11;10;3;53;4;12;3;;-2;;-2;;1;8;106,43;-78,14;-7,11;FALSE
Embolo;A;5,13;0,95;1;100;6,5;Rennes;57,29;46,206;47,639;46,507;0,5;;;;;;3;42;2;29;;62,77;84;2;2;35,14;10;;;3;5;100;1;3;31;2;2;6;;1;;2;;12;4;77,28;-33,08;5,78;FALSE
Vossah;MO;5,13;1,18;1;0;6;Toulouse;67,12;53,299;54,256;54,084;;;;1;1;1;3;3;2;2;;54,81;40;1;;42,86;1;;;;;50;3;1;7;1;1;1;;;;-2;;;;83,13;-53,62;0,33;FALSE
Bentaleb;MD;5,07;0,61;1;29;6;Lille;76,08;71,844;67,073;68,927;;1;;;;;6;11;5;7;;83,36;194;;;62,5;3;;;2;11;57,14;4;4;27;2;2;;;1;;4;;;;70,14;-45,64;-3,74;FALSE
Peprah Oppong;DC;5,07;0,89;1;86;5;Nice;36,79;44,669;46,073;47,603;2;;;;;1;3;3;3;3;1;87,13;478;8;11;60;8;;;9;8;62,5;23;9;40;6;5;3;;-1;;-3;;;1;172,36;-156,71;-17,43;FALSE
Guilavogui;A;5;0,76;1;29;6;Lens;71,29;60,74;60,25;60,218;;;;;;1;7;7;3;3;1;71,43;141;1;6;72,5;3;;;7;4;50;3;2;35;1;9;;;2;;4;3;3;6;72,77;-35,29;3,34;FALSE
Édouard;A;5;1,22;1;75;6,5;Lens;71,29;60,74;60,25;60,218;0,5;;;;;1;4;4;3;3;;88,89;60;;1;32;3;;;2;1;0;2;2;17;2;1;6;;1;;2;2;2;5;71,75;-31,9;6,6;TRUE
Sima;A;5;1,41;1;0;6;Lens;71,29;60,74;60,25;60,218;;;;;;;1;32;1;23;;58,34;26;;1;66,67;;;;;;0;1;1;8;2;2;;;;;-1;;8;2;78,8;-17,5;15,5;FALSE
El-Arabi;A;5;1,17;1;0;7;Nantes;23,92;41,358;41,8;41,795;;;;;;;1;1;1;1;1;43,33;25;;1;45,45;4;;;1;4;0;1;;10;1;1;;;-2;;-2;;;3;41,6;-7,04;5,92;FALSE
Lahdo;MO;5;0,82;1;75;6;Nantes;23,92;41,358;41,8;41,795;0,5;;;;;;2;2;1;1;;87,28;96;;2;39,29;5;;;1;1;0;1;2;22;2;6;3;;-1;;-1;;;8;72,63;-38,67;0,88;FALSE
Emersonn;A;5;1,32;1;33;6,5;Toulouse;67,12;53,299;54,256;54,084;;;;;;;9;9;3;3;;80,56;37;1;;36,84;3;;;;1;0;1;1;11;1;2;;;;;;2;2;5;87,6;-44,27;9,03;FALSE
Meïté;A;4,92;1,28;1;33;7,5;Rennes;57,29;46,206;47,639;46,507;;;;;1;1;7;22;5;14;2;68,38;52;1;;52,94;3;;;1;3;0;2;1;12;2;3;2;;1;;-1;1;4;;56,68;-12,43;5,25;FALSE
Abdelli;MO;4,88;1,44;1;50;6,5;Angers;22,09;31,169;32,475;32,021;;1;;;;;2;30;2;18;1;83,11;147;5;2;36,84;2;;;1;7;50;3;7;32;2;4;3;;-3;;-8;;2;2;91,25;-98;-1,55;FALSE
Gory;A;4,88;0,85;1;0;6;Paris FC;28,71;31,83;34,544;33,762;;;;;;;2;32;1;23;1;94,38;52;;2;54,55;2;;;3;2;50;;5;10;;2;1;;-2;;-4;;1;6;49,98;-19,12;7,2;TRUE
Dicko;A;4,88;1,44;1;0;7;Paris FC;28,71;31,83;34,544;33,762;;;;;1;1;3;28;1;16;;75;15;;;36,36;3;;;;;0;;2;4;1;;1;;-1;;-1;;5;;50,95;-9,1;7,63;FALSE
Biereth;A;4,86;1,03;1;86;7;Monaco;77,91;57,518;60,319;59,308;;;;;;;7;49;5;38;1;63,08;132;;3;32,73;4;;;1;2;57,14;3;7;50;2;9;7;;2;;4;2;12;10;74,06;-46,39;0,81;FALSE
Páez;MO;4,86;0,63;1;43;6;Strasbourg;18,29;52,126;51,866;51,603;2;;;;;;7;7;5;5;3;70,97;178;2;2;26,67;6;;;1;5;53,33;5;2;53;2;12;7;;3;;7;1;1;4;76,57;-74,07;-5,2;FALSE
Rouault;DC;4,83;1,51;1;100;7;Rennes;57,29;46,206;47,639;46,507;1,5;;;;;;2;9;2;5;1;89,81;487;8;5;46,81;7;;;13;7;0;28;8;44;3;6;3;;1;;-1;1;1;1;166,5;-172;-19,47;FALSE
Le Cardinal;DL;4,83;0,29;1;100;5;Brest;60,63;46,703;47,511;48,014;;;;;;;5;10;2;3;;79,12;175;3;4;61,11;2;;;4;2;0;18;7;25;1;7;;;-2;;-4;;;1;213,5;-232,67;-29,13;FALSE
Sahraoui;MO;4,8;1,3;1;0;6,5;Lille;76,08;71,844;67,073;68,927;;;;1;1;1;6;22;4;17;3;73,57;97;1;1;54,55;1;;;1;3;50;;1;30;4;2;2;;;1;3;;1;5;77,76;-48,8;1,96;FALSE
Soumano;A;4,79;1,32;1;43;6,5;Lorient;39,37;38,616;38,894;39,684;;;;;2;1;11;41;9;34;2;76,65;109;2;;38,89;7;;;2;4;0;4;4;32;4;1;9;;-2;;-7;4;6;8;78,84;-55,6;3,5;FALSE
Traoré;MD;4,75;1,08;1;100;6;Metz;32,88;31,043;30,698;29,793;2;;;;;;7;7;3;3;2;85,86;327;3;8;46,3;10;;;14;15;50;6;8;54;;8;6;;-4;;-8;1;1;13;150,25;-154,42;-11,05;FALSE
Geubbels;A;4,67;0,88;1;83;6;Paris FC;28,71;31,83;34,544;33,762;1;;;;;;12;12;5;5;3;76,9;116;;;34,21;6;;;2;4;50;3;5;30;3;3;3;;1;;;3;3;8;64,07;-44,72;3,68;FALSE
Mostafa Mohamed;A;4,67;0,98;1;100;6,5;Nantes;23,92;41,358;41,8;41,795;1,5;;;;;;10;48;4;30;1;62,62;146;6;2;41,03;7;;;4;7;50;5;4;55;3;3;9;;-2;;-2;1;6;15;71,72;-55,9;2,98;FALSE
Gbamin;DC;4,64;1,63;1;100;7;Metz;32,88;31,043;30,698;29,793;1,5;;;;;;2;3;1;1;;88,41;525;3;8;58,33;5;;;26;11;0;20;11;54;4;12;4;;-5;;-11;1;2;6;135,89;-175,64;-21,34;TRUE
Bamba;A;4,64;1,11;1;57;7;Lorient;39,37;38,616;38,894;39,684;1;;;;1;2;6;23;3;13;1;69,07;104;1;2;24,44;10;;;1;6;50;4;10;34;2;6;3;;-2;;-7;1;5;12;55,19;-33,8;2,86;FALSE
Sadibou Sané;DC;4,25;1,19;1;100;4;Metz;32,88;31,043;30,698;29,793;;;;;;;1;10;1;3;;90,08;290;8;9;53,85;6;;;10;2;0;21;9;25;;8;;;-4;;-8;;;2;158,4;-234,5;-25,95;FALSE
Peter;A;4,25;0,99;1;83;6;Angers;22,09;31,169;32,475;32,021;;;;;;;9;9;7;7;1;64,8;138;;1;47,06;6;;;1;7;0;2;9;46;3;5;4;;-2;;-7;4;4;21;61,28;-61,8;3,47;FALSE
Diallo;A;4,13;1,31;1;100;6;Metz;32,88;31,043;30,698;29,793;1,5;;;;;;7;7;6;6;1;73,13;98;1;;36,73;6;;;;3;50;5;8;34;2;5;7;;-2;;-6;1;1;11;75,78;-89,5;5,83;FALSE
Anthony Lopes;G;6,29;1,04;0;100;;Nantes;23,92;41,358;41,8;41,795;2;;;;;;;;;;;NaN;;;;80;;23;6;;;0;11;5;;;;;17;-2;;-2;;;;162,29;-37,14;24,97;FALSE
Barco;DL;6,14;1,07;0;86;;Strasbourg;18,29;52,126;51,866;51,603;3;;;;1;4;5;15;3;9;4;84,97;503;4;12;63,64;5;;;20;14;55,56;4;6;80;8;9;5;;3;;7;1;1;7;239,57;-110,71;-7,5;FALSE
Dante;DC;6;0;0;100;7;Nice;36,79;44,669;46,073;47,603;1;;;;;;2;8;2;6;;93,55;74;2;1;60;1;;;2;1;0;3;;5;;1;;;1;;1;;1;1;166,5;-60;0,9;TRUE
Johnsson;G;6;0;0;100;;Strasbourg;18,29;52,126;51,866;51,603;1;;;;;;;;;;;NaN;;;;100;;2;;;;0;3;;;;;;;1;;1;;;;100;;23,5;FALSE
Satriano;A;6;0;0;100;6;Lyon;63,21;62,089;62,786;62,191;1;;;;1;2;4;6;3;3;2;95,46;51;1;;33,33;4;;;;;66,67;1;2;5;3;1;;;;;;;;2;139,85;-32,25;0,4;FALSE
Camara;MD;5,9;0,42;0;80;6,5;Monaco;77,91;57,518;60,319;59,308;1;;;;3;4;4;24;1;15;;82,92;307;6;2;55,56;4;;;6;19;55,56;;3;57;9;8;1;;3;;6;;1;12;226,8;-119,7;-14,46;TRUE
Maxime Lopez;MO;5,86;1,25;0;100;;Paris FC;28,71;31,83;34,544;33,762;2;;;;2;7;5;29;5;19;4;92,55;681;1;6;27,78;12;;;10;20;58,06;2;11;76;21;8;5;;;1;-1;;;8;215,79;-128,43;-10,21;FALSE
Risser;G;5,86;0,94;0;100;;Lens;71,29;60,74;60,25;60,218;2;;;;;;;;;;;NaN;;;;100;;14;4;;;0;4;6;;;;;11;2;;4;;;;117,86;-32,86;5,67;FALSE
Rulli;G;5,75;0,76;0;100;;Marseille;78,6;66,907;65,096;64,196;2;;;;;;;;;;;NaN;;;;100;;7;9;;;0;6;5;;;;;8;2;;6;;;;124;-35;-0,87;FALSE
Lepenant;MD;5,75;0,82;0;100;6;Nantes;23,92;41,358;41,8;41,795;1;;;;1;2;6;22;3;13;;83,75;313;5;16;61,64;3;;;11;18;50;7;5;58;8;13;5;;-2;;-2;;;8;188,25;-103,5;-7,55;TRUE
Cho;A;5,67;0,58;0;67;6;Nice;36,79;44,669;46,073;47,603;2;;;;2;2;1;27;1;16;5;91,71;68;;;32;1;;;3;5;54,55;;;18;6;5;3;;-1;;-3;;3;9;107,67;-33,63;-1,3;FALSE
Greif;G;5,67;1,04;0;100;;Lyon;63,21;62,089;62,786;62,191;2;;;;;;;;;;;NaN;;;;100;;7;;;;0;3;2;;;;;3;1;;1;;;;108,67;-26,67;9,67;FALSE
Sarr;DC;5,64;0,56;0;100;;Lens;71,29;60,74;60,25;60,218;1,5;;;;;;4;9;2;5;3;84,51;409;15;7;70,83;3;;;14;11;50;40;6;45;;11;1;;2;;4;1;1;1;173,31;-102,79;-3,27;FALSE
Descamps;G;5,63;1,8;0;100;;Lyon;63,21;62,089;62,786;62,191;3;;;;;;;;;;;NaN;;;;0;;6;4;;;0;3;3;;;;;7;2;;3;;;;124,75;-65;-0,55;TRUE
Hernández;DL;5,63;0,48;0;100;7;Paris;81,71;86,587;84,868;85,501;4;;;;;;3;6;2;4;1;92,51;335;4;;50;6;;;6;7;0;7;;24;2;1;2;;3;;5;;;1;137,88;-78;-7,68;FALSE
Alexsandro Ribeiro;DC;5,63;1,44;0;100;7,5;Lille;76,08;71,844;67,073;68,927;1;;;;;;3;21;2;9;;89,26;337;9;4;67,74;5;;;14;8;100;20;4;36;;3;;;3;;8;;1;6;180,25;-111;-9,65;TRUE
Balerdi;DC;5,58;0,38;0;83;5,5;Marseille;78,6;66,907;65,096;64,196;1;;;;;;7;21;4;10;2;93,28;444;6;7;69,39;4;;;7;8;50;26;5;26;1;5;1;;2;;6;2;4;3;165,17;-105;-4,77;FALSE
Samba;G;5,57;1,3;0;100;;Rennes;57,29;46,206;47,639;46,507;2;;;;;;;;;;;NaN;;;;100;;12;7;;;0;5;9;;;;;10;1;;-1;;;;131,43;-64,29;-13,17;FALSE
Félix Correia;MO;5,57;1,51;0;86;;Lille;76,08;71,844;67,073;68,927;1;;;;3;4;7;7;5;5;7;76,92;256;7;3;48,65;3;;;9;7;56,76;3;8;56;8;15;6;;1;1;4;3;3;4;164,21;-93,79;-3,06;FALSE
Meunier;DL;5,5;0;0;100;6;Lille;76,08;71,844;67,073;68,927;1;;;;;1;4;24;2;16;4;84,21;153;4;1;36,36;2;;;3;6;50;5;2;21;1;2;1;;2;;7;;;1;146;-104,17;-9,1;FALSE
André;MD;5,5;0,94;0;100;6;Lille;76,08;71,844;67,073;68,927;1;;;;1;1;2;14;1;5;2;81,31;313;7;5;45,45;10;;;10;8;62,5;7;6;58;5;14;10;;3;;8;;2;2;205;-130,1;-17,42;FALSE
Makengo;MD;5,5;0,71;0;50;;Lorient;39,37;38,616;38,894;39,684;;;;;1;;3;18;2;16;;85,33;104;2;1;48,28;2;;;3;4;100;;4;21;3;2;4;;-1;;-4;;4;3;102,13;-55,37;-2,37;FALSE
Udol;DL;5,5;0,87;0;100;5;Lens;71,29;60,74;60,25;60,218;1,5;;;;;2;9;41;5;20;7;78,88;411;18;7;50;12;;;21;10;60;22;6;74;6;19;3;;2;;4;1;6;6;217,86;-167,57;-15,21;FALSE
Koffi;G;5,5;1,78;0;100;;Angers;22,09;31,169;32,475;32,021;1;;;;;;;;;;;NaN;;;;50;;22;10;;;0;10;10;;;;;16;-3;1;-8;;;;171,86;-118,57;-7,91;FALSE
Kondogbia;MD;5,5;0,71;0;100;;Marseille;78,6;66,907;65,096;64,196;1;;;;;;1;6;1;2;;91,87;107;;1;77,78;;;;3;3;0;5;;9;;1;1;;;;3;;1;;97,75;-47,75;-3,45;TRUE
Lee Kang-In;MO;5,5;0,45;0;67;6,5;Paris;81,71;86,587;84,868;85,501;2;;;;;2;11;40;9;26;3;93,91;332;1;2;46,67;3;;;7;12;57,14;2;1;38;10;3;4;;3;1;5;;;5;124,67;-70,25;-2,3;FALSE
Salisu;DC;5,5;0,71;0;100;6;Monaco;77,91;57,518;60,319;59,308;;;;;;;1;5;;4;;91,01;222;2;2;72,73;5;;;9;7;0;11;2;19;;3;;;1;;1;;;1;192;-162;-2,75;FALSE
Léon;G;5,5;2,03;0;100;;Auxerre;42,71;43,938;41,734;43,012;2;;;;;;;;;;;NaN;;;;75;;10;4;;;0;3;6;;;;;7;-1;;-3;;;;139,8;-90;-6,64;FALSE
Traoré;MO;5,5;0;0;100;6;Marseille;78,6;66,907;65,096;64,196;0,5;;;;;;2;56;2;35;;75;32;;;62,5;1;;;2;;50;;;9;;2;;;-1;;-1;1;5;;143;-89,5;-2;TRUE
Seidu;DC;5,5;0,71;0;60;;Rennes;57,29;46,206;47,639;46,507;0,5;;;;1;3;1;2;;;2;90,85;292;9;4;60,53;1;;;11;17;62,5;5;1;32;3;4;5;;;;-2;;;4;150,6;-97;-4,06;FALSE
Doukouré;DC;5,5;0,84;0;100;7;Strasbourg;18,29;52,126;51,866;51,603;3;;;;1;1;1;3;;1;1;89,62;426;5;4;74,29;2;;;7;17;50;16;5;47;2;7;3;;2;;6;1;1;5;148,67;-96,67;-6,52;FALSE
Diatta;MO;5,5;1,32;0;33;6;Monaco;77,91;57,518;60,319;59,308;;;;;1;2;1;3;1;2;1;85,19;176;4;1;63,64;2;;;7;9;61,54;7;3;21;6;5;1;;;;1;;1;3;205,67;-150,83;-6,77;FALSE
Zakaria;MD;5,5;0,91;0;100;5;Monaco;77,91;57,518;60,319;59,308;;;;;1;1;;26;;15;;93,13;215;5;3;42,86;4;;;8;9;66,67;2;4;22;4;4;3;;2;;3;;2;4;143,13;-85,62;-8,27;TRUE
Doué;MO;5,5;0,5;0;67;6,5;Paris;81,71;86,587;84,868;85,501;1;;;;;;4;50;1;35;2;90,08;154;2;6;47,22;2;;;1;4;50;;1;31;6;6;7;;3;;5;;6;2;135,3;-65,17;-3,67;FALSE
Sylla;MD;5,5;0,71;0;50;;Lens;71,29;60,74;60,25;60,218;;;;;;;;;;;;90;55;1;5;72,73;2;;;6;2;0;2;1;9;;;;;2;;4;;;;97,5;-41,25;-2,55;FALSE
Mayulu;MO;5,5;0,71;0;50;6,5;Paris;81,71;86,587;84,868;85,501;1;;;;1;1;3;26;3;19;1;88,34;132;;7;53,57;5;;;3;5;60;1;;23;3;3;2;;1;;3;;5;3;90,75;-36,62;-2,15;TRUE
Avom;MO;5,5;1,61;0;86;;Lorient;39,37;38,616;38,894;39,684;2;;;;1;1;5;32;1;18;1;86,93;379;12;8;64,29;5;;;16;14;55,56;2;9;67;9;15;5;;-2;;-7;;;13;208;-137,64;-10,66;FALSE
Katseris;DL;5,5;0,87;0;67;6;Lorient;39,37;38,616;38,894;39,684;1;;;;;1;4;21;3;12;2;56,71;112;5;1;40;2;;;5;5;57,89;2;;20;3;1;1;;-1;;-3;;;3;166,67;-101,33;-6,73;TRUE
de Lange;G;5,5;0;0;100;;Marseille;78,6;66,907;65,096;64,196;1;;;;;;;;;;;NaN;;;;0;;;1;;;0;;;;;;;;1;;4;;;;45;;4,3;FALSE
Penders;G;5,5;1,55;0;100;;Strasbourg;18,29;52,126;51,866;51,603;3;;;;;;;;;;;NaN;;;;0;;10;4;;;0;6;7;;;;;10;2;1;6;;;;106,67;-71,67;-8,75;FALSE
Francis;MD;5,5;0,41;0;75;;Toulouse;67,12;53,299;54,256;54,084;1;;;;;;3;3;2;2;;79,99;153;4;8;74,07;3;;;9;7;0;5;3;24;;8;2;;-1;;-1;;;1;124,5;-73,5;-5,1;FALSE
Sangaré;MD;5,5;1,26;0;83;;Lens;71,29;60,74;60,25;60,218;1,5;;;;;;5;5;3;3;1;84,13;348;5;6;52,78;5;;;12;23;0;9;4;67;5;13;8;;3;;5;;;15;194,08;-128,58;-14,4;FALSE
Maitland-Niles;DL;5,43;0,89;0;100;6;Lyon;63,21;62,089;62,786;62,191;5;;;;2;2;4;21;1;10;3;84,34;437;13;14;50;10;;;18;7;52,63;14;5;58;6;15;5;;3;;4;1;4;6;189,71;-148,36;-13,34;FALSE
Aguilar;DL;5,43;0,45;0;100;5,5;Lens;71,29;60,74;60,25;60,218;1,5;;;;;3;5;14;2;10;3;83,65;364;7;7;62,16;4;;;11;7;59,52;8;6;54;12;16;1;;2;;4;;2;7;158,79;-113;-8,66;FALSE
Niakhaté;DC;5,43;1,02;0;100;;Lyon;63,21;62,089;62,786;62,191;5;;;;;1;1;2;;;;89,2;623;7;3;64,71;14;;;17;8;0;43;5;57;4;9;1;;3;;4;;;4;175,93;-135,29;-7,97;FALSE
Bouaddi;MD;5,43;1,1;0;86;;Lille;76,08;71,844;67,073;68,927;1;;;;;;6;9;5;8;5;81,66;285;9;6;51,72;12;;;11;21;50;7;7;51;4;19;5;;1;;4;1;1;10;171,93;-121,86;-8,66;FALSE
El Mourabet;MO;5,43;0,84;0;57;;Strasbourg;18,29;52,126;51,866;51,603;4;;;;;1;4;4;3;3;;92,66;312;2;2;48,57;4;;;6;16;66,67;3;2;41;2;7;5;;3;;7;;;6;122,71;-61,71;-7,77;FALSE
Diaz;DC;5,42;0,86;0;83;;Brest;60,63;46,703;47,511;48,014;1,5;;;;;;3;14;2;7;1;84,38;276;8;4;62,07;;;;12;6;0;31;5;34;1;5;;;-1;;;;;4;132,58;-89,33;-7,03;FALSE
Baidoo;DC;5,42;0,97;0;83;;Lens;71,29;60,74;60,25;60,218;1,5;;;;;;3;3;3;3;1;93,94;272;7;5;43,24;7;;;16;9;0;23;4;16;;2;1;;1;;3;;;1;140,73;-95,67;-5,28;FALSE
Özer;G;5,42;1,11;0;100;;Lille;76,08;71,844;67,073;68,927;1;;;;;;;;;;;NaN;;;;62,5;;11;3;;;0;6;9;;;;;10;2;;5;;;;114,17;-72,5;-16,7;FALSE
Vanhoutte;MD;5,38;1,7;0;100;;Nice;36,79;44,669;46,073;47,603;3;;;;1;1;2;2;2;2;;85,05;275;3;7;63,89;5;;;6;12;60;12;3;42;3;7;2;;;;-2;;;3;183,38;-123,87;-14,35;FALSE
Weah;MO;5,36;0,48;0;86;;Marseille;78,6;66,907;65,096;64,196;3,5;;;;;;6;25;5;18;6;87,07;290;4;11;59,52;6;;;5;4;58,82;6;4;40;6;11;1;;3;;10;1;2;8;118,14;-69,19;-5,06;FALSE
Lefort;DL;5,36;1,41;0;100;;Angers;22,09;31,169;32,475;32,021;1;;;;1;2;2;10;;3;;84,64;434;9;8;73,68;1;;;17;5;60;43;10;53;4;6;2;;-3;;-8;;1;2;163,27;-132,14;-12,64;FALSE
Chevalier;G;5,36;0,75;0;100;;Paris;81,71;86,587;84,868;85,501;4;;;;;;;;;;;NaN;;;;0;;7;4;;;0;3;5;;;;;4;4;1;8;;;;82,57;-39,29;-3,81;FALSE
Camara;DC;5,36;0,56;0;86;;Angers;22,09;31,169;32,475;32,021;1;;;;;;1;2;;;;86,74;288;6;7;60;4;;;9;6;50;35;5;31;;2;;;-3;;-8;;;4;102,37;-68,29;-2,54;FALSE
Belkhdim;MD;5,36;1,07;0;100;7;Angers;22,09;31,169;32,475;32,021;1;;;;1;3;4;10;2;6;3;83,27;325;6;12;58;7;;;20;9;55,56;7;10;48;6;14;6;;-3;;-8;;1;5;165,43;-110,36;-5,41;FALSE
Sauer;MO;5,36;0,38;0;71;;Toulouse;67,12;53,299;54,256;54,084;1;;;;;;5;5;4;4;;80,93;168;6;4;62,5;4;;;7;16;50;6;7;28;1;6;1;;;;-1;;;7;96,57;-53;-4,21;FALSE
Traoré;DL;5,33;0,76;0;100;7;Paris FC;28,71;31,83;34,544;33,762;1;;;;;;2;3;1;2;;90,13;185;3;7;68,18;2;;;7;1;50;5;2;17;1;3;;;;;1;1;2;2;127,67;-101;-4,43;FALSE
Golovin;MO;5,33;0,29;0;100;6;Monaco;77,91;57,518;60,319;59,308;0,5;;;;;;4;22;3;16;2;80,08;162;2;2;42,31;5;;;5;7;50;2;2;34;;7;3;;1;;2;;1;5;121;-93,33;-5,67;TRUE
Nadir;MD;5,3;0,67;0;40;6;Marseille;78,6;66,907;65,096;64,196;1;;;;2;1;3;11;3;8;6;90,83;109;;3;33,33;2;;;2;2;60;;;20;4;1;2;;3;;10;;;3;72,1;-26,8;-2,72;FALSE
Tagliafico;DL;5,3;0,97;0;60;7;Lyon;63,21;62,089;62,786;62,191;2;;;;1;1;2;26;;19;2;82,56;269;3;4;51,11;8;;;10;6;54,55;12;2;32;3;8;;;3;;5;1;2;;142,7;-119,3;-10,78;FALSE
Diouf;G;5,29;1,8;0;100;;Nice;36,79;44,669;46,073;47,603;1;;;;;;;;;;;NaN;;;;50;;11;12;;;0;6;9;;;;;12;-1;;-3;;;;117,14;-77,14;-15,69;FALSE
Fofana;MD;5,29;0,49;0;71;6,5;Rennes;57,29;46,206;47,639;46,507;1,5;;;;;;5;29;1;14;;90;354;2;1;64,29;2;;;14;12;57,14;4;8;43;11;4;4;;1;;-1;;4;6;129,79;-86;-7,06;FALSE
Lemaréchal;MO;5,29;1,04;0;86;7;Strasbourg;18,29;52,126;51,866;51,603;3;;;;2;2;9;34;5;23;2;75,37;305;1;5;51,47;6;;;5;8;58,33;7;4;76;7;10;10;;3;;7;1;5;18;138,61;-90,21;-6,69;FALSE
Zaïre-Emery;MD;5,29;0,76;0;71;8;Paris;81,71;86,587;84,868;85,501;4;;;;;1;3;17;2;15;2;93,42;502;3;5;41,3;11;;;14;9;50;5;4;46;10;17;6;;4;;8;;2;6;124,14;-88,14;-10,07;FALSE
Clinton Mata;DL;5,29;1,35;0;100;;Lyon;63,21;62,089;62,786;62,191;5;;;;;;2;4;;1;;91,8;521;4;3;54,29;4;;;13;9;50;27;5;44;1;3;1;;3;;4;;;7;146,64;-120,86;-10,6;FALSE
Marquinhos;DC;5,25;1,06;0;100;6,5;Paris;81,71;86,587;84,868;85,501;2;;;;;;;5;;3;;94,32;199;;6;80;;;;5;2;50;3;1;11;1;;1;;;;;;;;142,25;-111,5;-0,75;TRUE
Emerson;DL;5,25;0,65;0;50;;Marseille;78,6;66,907;65,096;64,196;2;;;;;;3;17;;10;;86,65;205;1;2;45,45;4;;;2;3;53,85;7;;23;2;4;3;;4;;9;;3;;104,25;-87,5;-7,22;FALSE
Khadra;MO;5,25;0,35;0;50;7;Le Havre;21,4;33,361;32,121;31,78;0,5;;;;;;3;3;3;3;1;78,24;48;;;57,14;2;;;1;2;50;;;15;2;3;2;;-1;;-1;;;3;71,9;-30,75;-0,5;TRUE
Cásseres;MD;5,25;1,37;0;83;6;Toulouse;67,12;53,299;54,256;54,084;1;;;;;2;4;16;2;9;1;84,7;295;7;9;65,12;6;;;18;13;58,82;5;7;49;10;8;4;;-1;;-2;1;2;5;182,92;-149,42;-8,53;FALSE
Moreira;DL;5,25;0,99;0;83;7;Strasbourg;18,29;52,126;51,866;51,603;2;;;;1;4;4;24;3;13;5;79,62;294;1;7;45,45;2;;;9;5;56,76;9;5;63;12;11;5;;2;;6;;3;9;175,65;-138,75;-13,47;FALSE
Vermeeren;MD;5,25;0,35;0;0;;Marseille;78,6;66,907;65,096;64,196;;;;;1;;;;;;;100;30;1;1;50;1;;;;;0;;;;1;;;;2;;7;;;;29,5;-4,5;0,1;FALSE
Pacho;DC;5,25;0,5;0;75;;Paris;81,71;86,587;84,868;85,501;2;;;;;;;3;;1;;97,73;317;1;5;71,43;1;;;10;11;0;13;4;9;;5;1;;1;;3;;;1;112,25;-66,25;-2,92;FALSE
Kamanzi;DL;5,21;0,27;0;29;6;Toulouse;67,12;53,299;54,256;54,084;;;;;;;5;12;4;9;2;84,87;129;;2;51,72;1;;;5;2;60;9;5;20;4;3;3;;;;-1;;2;1;77,89;-63,79;-8,23;FALSE
Ngoy;DC;5,21;1,07;0;100;;Lille;76,08;71,844;67,073;68,927;1;;;;1;2;9;9;4;4;;89,71;512;13;9;57,14;8;;;14;8;66,67;33;10;46;3;5;;;1;;4;1;1;3;176,64;-155,29;-14,87;FALSE
Gradit;DC;5,2;1,04;0;100;7;Lens;71,29;60,74;60,25;60,218;1;;;;;;1;10;;4;;73,16;244;10;8;48,94;10;;;11;4;50;24;4;19;;1;;;2;;4;;;2;155,58;-136,7;-8,32;FALSE
Saud Abdulhamid;DL;5,2;0,45;0;0;;Lens;71,29;60,74;60,25;60,218;;;;;1;;1;2;1;1;1;84,48;75;;2;70;;;;3;2;50;2;;9;2;4;;;;;2;;;2;54,1;-25,9;-0,28;FALSE
Magnetti;MD;5,17;0,82;0;100;6;Brest;60,63;46,703;47,511;48,014;1,5;;;;;;6;23;3;13;;84,98;267;7;10;50;7;;;19;11;50;6;8;39;2;12;5;;;1;1;;1;3;142,5;-107,25;-4,63;FALSE
Egan-Riley;DC;5,17;1,04;0;100;;Marseille;78,6;66,907;65,096;64,196;;;;;;1;;;;;;93,13;226;;2;66,67;1;;;1;7;50;9;3;17;2;2;;;-1;;1;;;2;123,83;-132,67;-10,5;FALSE
Youté;DC;5,17;0,29;0;67;;Le Havre;21,4;33,361;32,121;31,78;0,5;;;;;;;12;;3;;51,21;93;;;25;2;;;4;5;0;12;3;13;1;1;;;-2;;-3;;3;1;86,5;-68,33;-3;FALSE
Louchet;DL;5,17;1,17;0;50;6;Nice;36,79;44,669;46,073;47,603;0,5;;;;2;4;5;16;3;11;3;83,29;194;3;4;53,33;5;;;5;3;57,89;10;4;35;8;6;1;;-1;;-3;;;7;134,42;-96,25;-9,22;FALSE
Idumbo;MO;5,17;0,76;0;0;;Monaco;77,91;57,518;60,319;59,308;;;;;1;1;5;10;3;7;1;100;40;;1;50;;;;;;50;;2;2;3;;2;;;;1;1;1;;62,17;-32;-1,13;FALSE
Lees-Melou;MO;5,14;0,63;0;86;6;Paris FC;28,71;31,83;34,544;33,762;1;;;;;;8;29;5;18;2;87,37;437;2;14;50;13;;;15;23;54,55;8;9;60;6;15;6;;1;;1;;;6;164,86;-136,79;-10,57;FALSE
Lloris;DC;5,14;1,03;0;100;3;Le Havre;21,4;33,361;32,121;31,78;1,5;;;;1;1;2;10;1;5;;91,16;536;9;6;61,22;8;;;13;9;0;38;8;33;2;3;1;;-2;;-2;1;2;1;135,73;-124,71;-8,77;FALSE
Merlin;DL;5,14;1,38;0;100;7;Rennes;57,29;46,206;47,639;46,507;1,5;;;;2;3;9;32;7;23;9;78,45;500;3;3;46,34;1;;;18;11;53,57;16;9;111;7;28;7;;1;;-1;;3;6;210,21;-195,86;-23,44;FALSE
Kouassi;DL;5,14;1,7;0;86;;Lorient;39,37;38,616;38,894;39,684;2;;;;1;;1;7;1;5;5;83,83;340;4;5;61,22;4;;;20;7;55,32;9;11;49;7;8;3;;-2;;-7;;2;2;185,96;-171,36;-15,74;FALSE
Fischer;G;5,14;1,11;0;100;;Metz;32,88;31,043;30,698;29,793;1;;;;;;;;;;;NaN;;;;100;;18;8;;;0;9;14;;;;;10;-5;;-11;;;;135,07;-112,86;-34,06;FALSE
Coquelin;MD;5,13;0,63;0;50;6,5;Nantes;23,92;41,358;41,8;41,795;1;;;;;;3;10;3;6;2;91,67;87;2;2;41,67;3;;;3;5;0;2;;14;;1;2;;-1;;-1;;1;1;67,38;-41,37;-4,67;TRUE
Frankowski;DL;5,13;0,48;0;100;6;Rennes;57,29;46,206;47,639;46,507;1;;;;;;4;17;3;13;1;74,58;247;2;7;62,07;4;;;4;6;53,33;10;3;45;3;13;2;;2;;3;;;4;154,63;-142;-11,02;FALSE
Vanderson;DL;5,13;0,25;0;50;7,5;Monaco;77,91;57,518;60,319;59,308;;;;;1;1;1;18;;13;5;83,87;184;5;3;52;4;;;6;4;61,9;10;4;29;3;5;2;;;;;;2;2;142,5;-131,37;-12,22;TRUE
Rafael Luís;MD;5,13;0,48;0;50;;Strasbourg;18,29;52,126;51,866;51,603;1;;;;;;1;1;1;1;;86,95;149;1;5;64,29;2;;;1;6;50;4;3;19;3;4;;;2;;6;;;5;79,5;-54,87;-7,6;FALSE
Amo-Ameyaw;A;5,1;0,89;0;20;6,5;Strasbourg;18,29;52,126;51,866;51,603;1;;;;1;1;2;11;1;10;2;90,8;144;1;2;52,63;4;;;3;1;54,55;;3;25;3;4;7;;1;;5;;;5;95,68;-71,3;-3,98;FALSE
Coulibaly;MO;5,1;0,55;0;0;6,5;Auxerre;42,71;43,938;41,734;43,012;;;;;;;;1;;1;1;84,89;69;3;3;68,18;4;;;4;7;50;;2;16;;4;1;;-3;;-5;;;6;56,9;-23,8;-0,18;TRUE
Guirassy;A;5,1;0,82;0;60;6,5;Nantes;23,92;41,358;41,8;41,795;1;;;;1;1;5;11;3;8;2;53,41;112;3;4;46,34;5;;;9;2;66,67;4;;45;1;9;6;;-1;;-1;1;1;6;76,84;-46,04;-2,26;FALSE
Otávio;DC;5,1;1,29;0;100;;Paris FC;28,71;31,83;34,544;33,762;2;;;;;;2;2;;;;89,07;417;9;5;62,22;8;;;9;6;0;46;7;37;1;1;1;;2;;1;;;2;193,2;-186,5;-13,14;FALSE
Kwon Hyeok-Kyu;MD;5,1;0,55;0;40;;Nantes;23,92;41,358;41,8;41,795;0,5;;;;;;;;;;;82,95;112;1;;43,48;4;;;2;2;0;10;2;12;;6;1;;-1;;-1;;;2;57,9;-38,1;-3,96;FALSE
Cozza;DL;5,08;0,49;0;83;6;Nantes;23,92;41,358;41,8;41,795;1;;;;;;1;17;1;8;;57,78;246;3;3;59,38;5;;;9;3;50;17;4;58;1;6;;;-2;;-2;;3;4;88,67;-92,25;-11,1;FALSE
Chardonnet;DC;5,08;1,46;0;100;7,5;Brest;60,63;46,703;47,511;48,014;1,5;;;;;;5;15;4;9;1;87,12;348;6;2;47,22;4;;;9;8;0;37;8;38;3;8;;;;1;2;1;2;2;159,75;-151,67;-15,75;FALSE
Nkambadio;G;5,08;1,63;0;100;;Paris FC;28,71;31,83;34,544;33,762;1;;;;;;;;;;;NaN;;;;0;;12;4;;;0;4;9;;;;;6;-1;1;-2;;;;102,42;-92,5;-21;FALSE
Mousa Tamari;A;5,08;0,74;0;33;7;Rennes;57,29;46,206;47,639;46,507;1,5;;;;1;1;14;52;9;34;3;82,78;150;1;5;39,29;4;;;4;5;62,5;1;2;41;7;7;6;;2;;3;1;6;7;74,63;-32,9;-0,42;FALSE
Négo;DL;5,08;0,8;0;100;;Le Havre;21,4;33,361;32,121;31,78;0,5;;;;;1;7;15;3;7;5;79,84;446;6;3;60;6;;;14;11;56,52;21;5;66;4;13;1;;-1;1;;;;2;161,83;-168,33;-10,82;FALSE
Karim;MO;5,08;1,02;0;83;;Lorient;39,37;38,616;38,894;39,684;1;;;;1;1;3;3;;;1;84,76;222;2;4;42,86;7;;;9;8;50;;10;51;4;8;9;;-1;;-5;;;10;120,67;-100,02;-4,45;TRUE
Awaziem;DC;5,07;0,45;0;100;;Nantes;23,92;41,358;41,8;41,795;1,5;;;;;;;;;;;86,55;574;6;2;65,12;5;;;18;6;0;42;5;66;2;6;;;-2;;-2;;;3;120,46;-107,21;-4,84;FALSE
Abline;A;5,07;0,73;0;57;5,5;Nantes;23,92;41,358;41,8;41,795;0,5;;;;1;2;14;67;8;44;7;60,45;177;2;2;50;10;;;8;4;55,56;2;5;57;6;9;10;;-2;;-2;2;8;11;105,41;-66,93;-1,81;FALSE
Touré;MD;5,07;0,19;0;14;;Metz;32,88;31,043;30,698;29,793;1;;;;;;;5;;4;1;90,82;154;1;5;58,33;2;;;10;4;53,33;4;5;19;1;9;3;;-5;;-11;;;1;60,43;-41,43;-2,24;FALSE
Capelle;MO;5;0;0;0;;Angers;22,09;31,169;32,475;32,021;;;;;;1;;5;;1;;78,13;29;1;1;25;;;;1;1;66,67;1;1;6;2;2;1;;-2;;-2;;;;57;-37,5;-3,1;FALSE
Dioussé;MD;5;0;0;0;;Auxerre;42,71;43,938;41,734;43,012;;;;;;;1;3;1;3;;92,86;11;;;0;;;;;1;0;;;2;1;2;;;;;-1;;;1;17,5;-6;-0,85;TRUE
Lala;DL;5;0,76;0;100;5,5;Brest;60,63;46,703;47,511;48,014;1,5;;;;1;2;3;12;3;9;6;76,98;474;4;4;53,19;1;;;24;7;66,67;21;10;97;10;18;2;;-1;;;;;6;182,71;-194,93;-21,63;FALSE
Kyeremeh;A;5;0,87;0;0;;Le Havre;21,4;33,361;32,121;31,78;;;;;1;1;1;21;;14;;75;22;;2;62,5;;;;;;100;;;6;1;;1;;-2;;-3;;3;1;42,43;-9,8;0,13;FALSE
Delaine;DL;5;0;0;33;6;Le Havre;21,4;33,361;32,121;31,78;;;;;;;1;1;;;;72,71;117;2;;33,33;2;;;3;2;56,52;3;1;20;2;2;;;1;;2;;;;69,33;-67,33;-4,83;TRUE
Lirola;DL;5;0;0;0;7,5;Marseille;78,6;66,907;65,096;64,196;;;;;;;;4;;2;1;80;8;;;33,33;;;;;;50;;1;2;1;1;;;-1;;-1;;;;28,5;-52,5;-8,7;TRUE
Dina Ebimbe;MO;5;0;0;25;;Brest;60,63;46,703;47,511;48,014;0,5;;;;;;2;2;2;2;1;77,38;43;;3;69,23;1;;;;2;50;1;;12;;2;1;;1;;4;1;1;2;30,63;-25;-1,83;FALSE
Boudaoui;MO;5;0,5;0;86;7;Nice;36,79;44,669;46,073;47,603;2;;;;2;2;11;44;8;32;5;84,91;324;5;3;42,31;8;;;5;15;63,64;8;8;66;8;6;9;;-1;;-3;2;6;13;162;-141,79;-14,77;FALSE
De Smet;DL;5;0,5;0;80;;Paris FC;28,71;31,83;34,544;33,762;2;;;;;;2;8;;3;2;88,28;300;1;;56;4;;;11;9;60;16;5;32;1;6;1;;2;;3;;;1;109,2;-111,3;-12,02;FALSE
Medina;DC;5;0;0;100;8;Marseille;78,6;66,907;65,096;64,196;1;;;;;;;21;;13;;95,42;154;;4;61,54;3;;;1;2;0;3;1;10;;1;1;;2;;5;;1;3;92,25;-76,5;-6,45;TRUE
Coudert;G;5;1;0;67;;Brest;60,63;46,703;47,511;48,014;;;;;;;;;;;;NaN;;;;0;;8;1;;;0;2;5;;;;;3;-1;;;;;;95,33;-70;-14,43;FALSE
Benhattab;MO;5;0;0;67;;Nantes;23,92;41,358;41,8;41,795;1;;;;;1;3;3;2;2;5;69,24;161;;4;45,83;3;;;9;8;54,17;2;2;53;5;7;2;;-2;;-2;;;17;73,02;-58,63;-2,83;FALSE
Senaya;DL;5;0,76;0;100;6,5;Auxerre;42,71;43,938;41,734;43,012;2;;;;;;8;8;7;7;6;75,39;385;13;8;65,48;9;;;10;11;58,06;29;9;71;2;9;2;;-3;;-5;2;2;3;189,07;-198,29;-16,44;FALSE
De Percin;G;5;0,87;0;67;;Auxerre;42,71;43,938;41,734;43,012;;;;;;;;;;;;NaN;;;;100;;1;2;;;0;2;4;;;;;5;-3;;-4;;;;70;-53,33;-30,47;FALSE
Sy;DL;5;0;0;0;;Auxerre;42,71;43,938;41,734;43,012;;;;;;1;;2;;1;;72,23;22;;1;100;;;;1;2;50;1;2;4;1;;;;-2;;-3;;;1;40;-34,25;-3,65;FALSE
Diaw;G;5;1,44;0;100;;Le Havre;21,4;33,361;32,121;31,78;1;;;;;;;;;;;NaN;;;;83,33;;9;4;;;0;5;8;;;;;7;-2;1;-2;;;;84,43;-72,14;-15,16;FALSE
Enciso;MO;5;0;0;0;;Strasbourg;18,29;52,126;51,866;51,603;;;;;;;2;50;2;34;;57,14;15;;;50;;;;;1;0;;;6;;2;;;1;;5;;1;1;41;-17,5;-2,1;FALSE
Raolisoa;DL;5;0,55;0;100;6,5;Angers;22,09;31,169;32,475;32,021;1;;;;;2;2;15;2;4;5;69,68;239;3;8;53,7;8;;;9;6;55,56;2;7;76;6;7;6;;-2;;-6;;;17;111,12;-98,48;-6,42;FALSE
Abner Vinícius;DL;5;0,82;0;100;7;Lyon;63,21;62,089;62,786;62,191;3;;;;;1;3;6;2;4;2;84,67;196;2;5;45,83;6;;;7;1;55,56;8;3;26;2;3;2;;2;;3;1;2;1;139,38;-137,62;-13,77;TRUE
Owusu;MD;5;0,65;0;100;8,5;Auxerre;42,71;43,938;41,734;43,012;2;;;;;;2;7;;2;;80,54;319;7;14;52,38;12;;;19;14;50;13;9;59;2;14;5;;-3;;-5;;;8;145,93;-121,71;-11,2;FALSE
El Azzouzi;MD;5;0;0;0;;Auxerre;42,71;43,938;41,734;43,012;;;;;;;;;;;;100;20;;;33,33;1;;;1;1;0;1;;1;;;;;-1;;-1;;;;63,5;-29,5;-0,4;TRUE
Amougou;MO;5;0,5;0;67;;Strasbourg;18,29;52,126;51,866;51,603;;;;;;;2;5;1;3;;79,37;64;1;3;80;;;;1;4;0;;4;9;1;4;;;1;;1;1;1;2;76,83;-52;-3,2;FALSE
Jacquet;DC;5;1,19;0;100;;Rennes;57,29;46,206;47,639;46,507;1,5;;;;;;1;14;1;6;;91,09;533;5;5;61,29;12;;;17;12;0;41;9;40;3;4;;;1;1;-1;;3;3;161,36;-164,86;-12,01;FALSE
Osman;A;5;0,77;0;50;;Auxerre;42,71;43,938;41,734;43,012;1;;;;2;;6;6;5;5;4;80,85;118;1;2;37,5;3;;;2;8;50;1;4;40;5;10;4;;-4;;-6;2;2;9;80,37;-43,2;-2,05;FALSE
Tabibou;MO;5;0,58;0;29;;Nantes;23,92;41,358;41,8;41,795;0,5;;;;;1;4;6;;1;1;68,54;126;3;2;55,56;4;;;5;3;50;3;1;25;4;2;2;;-2;;-2;;;5;61,14;-40,64;-3,53;FALSE
Mosengo;MD;5;0;0;0;;Le Havre;21,4;33,361;32,121;31,78;;;;;;;;;;;;85,71;10;;;50;;;;1;;0;;;2;;;;;-1;;-2;;;1;15,5;-17;-2,5;FALSE
Bermont;MO;5;0;0;0;;Lens;71,29;60,74;60,25;60,218;;;;;;;1;26;;16;3;73,87;43;;;66,67;;;;;4;60;;;10;;2;1;;-1;;-1;;2;1;41,67;-24,33;-1,9;FALSE
Bakola;MD;5;0;0;0;;Marseille;78,6;66,907;65,096;64,196;;;;;;;;;;;;100;14;;;66,67;;;;1;1;50;;2;1;;;;;-1;;1;;;;14,33;-13;-0,17;FALSE
Messali;MD;5;0;0;0;;Toulouse;67,12;53,299;54,256;54,084;;;;;;;;4;;2;;66,67;7;;1;66,67;;;;;;0;2;;1;;;;;-1;;-1;;1;;29;-10,5;;TRUE
Oppegård;DL;5;0,35;0;40;;Auxerre;42,71;43,938;41,734;43,012;1;;;;;;1;4;1;3;1;84,59;112;2;5;63,16;1;;;4;3;58,82;6;3;23;2;3;;;-1;;-2;;;3;78,9;-91,9;-6,38;FALSE
Le Guen;DC;5;0;0;0;;Brest;60,63;46,703;47,511;48,014;;;;;;;;;;;;50;4;;;0;;;;;;0;;1;2;;;;;-1;;-2;;;;5;-28;-7,4;FALSE
Radakovic;DC;5;0;0;0;;Nantes;23,92;41,358;41,8;41,795;;;;;;;;;;;;33,33;4;;;0;;;;;;0;1;;2;;;;;;;;;;;6,5;-8;-0,9;FALSE
Broholm;A;5;0;0;100;;Lille;76,08;71,844;67,073;68,927;;;;;;;;;;;;74,6;61;;2;45,45;1;;;;3;50;1;1;17;1;1;1;;1;;6;;;3;56,75;-47,5;-3,9;FALSE
Bulatovic;MO;5;0;0;0;;Lens;71,29;60,74;60,25;60,218;;;;;;;;;;;;33,33;7;;;50;1;;;;;0;;;3;;1;;;1;;1;;;;15;-15;-1,6;FALSE
Bamba;MD;5;0,71;0;50;;Monaco;77,91;57,518;60,319;59,308;;;;;;;;;;;;87,47;151;2;6;65,52;4;;;3;4;0;3;2;17;;5;4;;4;;7;;;2;74,88;-62,12;-6,18;TRUE
de Carvalho;MO;5;0;0;0;;Lyon;63,21;62,089;62,786;62,191;;;;;;;1;1;;;;50;17;;1;100;;;;;;0;2;;;;;;;2;;2;;;;12,75;-3,25;0,35;FALSE
Louãr;DL;5;0;0;0;;Angers;22,09;31,169;32,475;32,021;;;;;;;;;;;;90;16;;;0;;;;;1;66,67;1;;2;1;1;;;-1;;-2;;;1;41,5;-14,5;0,4;TRUE
Hong Hyun-Seok;MO;5;0,55;0;50;;Nantes;23,92;41,358;41,8;41,795;1,5;;;;;;4;4;3;3;2;75,46;128;3;6;61,9;;;;5;5;50;4;3;30;1;7;3;;-2;;-2;1;1;4;73;-49,75;-4,23;FALSE
Høgsberg;DC;5;1,46;0;100;;Strasbourg;18,29;52,126;51,866;51,603;3;;;;;;1;1;1;1;1;91,28;410;6;2;56;7;;;10;18;0;19;5;35;;2;;;1;;5;;;3;138,3;-129;-11,5;FALSE
Deuff;MD;5;0;0;0;;Nantes;23,92;41,358;41,8;41,795;;;;;;;;;;;;100;1;;;0;;;;;;0;;;;;;;;;;;;;;;;;TRUE
Hrádecky;G;5;0,5;0;100;;Monaco;77,91;57,518;60,319;59,308;;;;;;;;;;;;NaN;;;;100;;2;2;;;0;2;3;;;;;2;1;;2;;;;53;-40;-13,93;TRUE
Goffi;DC;5;0;0;0;;Lille;76,08;71,844;67,073;68,927;;;;;;;;;;;;86,36;33;;1;66,67;1;;;5;;100;1;1;7;;1;;;;;;;;1;82,5;-70;-6,5;FALSE
Guindo;DL;5;0;0;0;;Brest;60,63;46,703;47,511;48,014;;;;;;;;;;;;95,83;18;;1;50;;;;2;;50;;;1;;;;;;;2;;;;11,5;-6,83;0,1;FALSE
Koumbassa;DC;5;0;0;0;;Toulouse;67,12;53,299;54,256;54,084;;;;;;;;;;;;100;4;;1;100;;;;;1;0;1;;;;;;;-1;;-3;;;;25;;2,3;FALSE
Cabral;MO;5;0;0;0;;Monaco;77,91;57,518;60,319;59,308;;;;;;;1;1;1;1;;100;19;1;1;33,33;;;;;1;0;;;1;;1;1;;-1;;-2;;;;46;-28,5;-1,2;FALSE
Amian;DL;4,93;0,61;0;100;6;Nantes;23,92;41,358;41,8;41,795;1,5;;;;;1;4;10;1;6;2;77,33;439;3;7;61,7;6;;;17;10;60;31;5;82;2;9;8;;-2;;-2;;1;2;130,07;-138,07;-11,39;FALSE
Hakimi;DL;4,93;0,45;0;57;6;Paris;81,71;86,587;84,868;85,501;3;;;;;1;6;29;3;21;4;89,69;564;2;8;40;5;;;10;11;56,52;3;5;73;5;11;5;;4;;8;1;4;10;133,86;-150,79;-20,03;FALSE
Danois;MD;4,93;0,35;0;100;;Auxerre;42,71;43,938;41,734;43,012;2;;;;;2;6;19;4;11;;87,01;418;6;10;40,51;9;;;24;21;50;1;10;77;12;9;9;;-3;;-5;1;2;17;186,86;-169;-16,83;FALSE
Restes;G;4,93;1,13;0;100;;Toulouse;67,12;53,299;54,256;54,084;2;;;;;;;;;;;NaN;;;;100;;7;4;;;0;7;9;;;;;4;;;-1;;;;78,86;-77,14;-22,83;FALSE
Tsitaishvili;A;4,93;0,73;0;57;;Metz;32,88;31,043;30,698;29,793;1;;;;1;1;7;7;2;2;2;82,45;177;1;2;42,42;7;;;9;3;55,56;9;5;35;7;3;1;;-5;;-11;;;4;85,1;-67,96;-3,21;FALSE
Rongier;MD;4,92;1,07;0;100;3,5;Rennes;57,29;46,206;47,639;46,507;1;;;;;;3;16;1;9;2;89,47;414;2;4;46,15;9;;;8;13;50;9;7;51;4;8;4;;1;;-1;;;5;137,25;-126,25;-14,3;FALSE
Clauss;DL;4,92;0,74;0;83;6,5;Nice;36,79;44,669;46,073;47,603;3;;;;;3;5;24;2;13;5;77,79;410;8;8;56,1;5;;;15;13;59,46;11;7;85;13;11;4;;-2;;-5;1;4;12;182,08;-196,08;-20,98;FALSE
Kechta;MO;4,92;0,38;0;83;5,5;Le Havre;21,4;33,361;32,121;31,78;1;;;;1;;6;26;3;12;;79,67;192;2;3;34;12;;;7;10;57,14;4;6;44;4;8;6;;-2;;-2;1;4;7;117,42;-110,17;-8,98;FALSE
Sarr;DC;4,92;1,02;0;100;;Strasbourg;18,29;52,126;51,866;51,603;3;;;;;;;5;;1;1;93,43;447;2;11;57,41;5;;;14;18;0;27;7;34;1;4;4;;2;;2;;2;5;146,83;-151,67;-13,23;TRUE
Ebonog;MO;4,92;0,2;0;50;;Le Havre;21,4;33,361;32,121;31,78;0,5;;;;;;2;2;1;1;2;72,2;89;1;4;46,15;3;;;9;5;50;5;3;21;;3;4;;-2;;-2;;;4;50,5;-38,25;-2,6;FALSE
Camara;MD;4,92;0,58;0;83;;Paris FC;28,71;31,83;34,544;33,762;2;;;;;;4;35;1;23;1;87,17;240;5;9;50;5;;;3;11;50;7;6;38;4;5;4;;1;;;;3;8;93,75;-81,17;-6,23;FALSE
Cissé;MD;4,92;0,74;0;50;8;Rennes;57,29;46,206;47,639;46,507;1;;;;;;7;22;3;14;;84,05;171;;6;46,88;6;;;5;6;50;1;5;33;2;8;2;;;;-2;;;7;83,5;-72,25;-9,88;FALSE
Teze;DL;4,92;0,8;0;100;7,5;Monaco;77,91;57,518;60,319;59,308;1,5;;;;;1;4;7;3;5;2;80,71;393;5;16;50,85;6;;;7;12;52,38;9;6;74;6;20;4;;1;;3;;1;7;172,17;-171,92;-19,02;FALSE
Mendy;DL;4,9;1,56;0;100;;Nice;36,79;44,669;46,073;47,603;1;;;;;;3;10;3;5;1;84,61;385;2;9;65,15;8;;;16;8;50;35;4;50;;9;1;;-1;1;-1;1;2;2;199,62;-207,8;-10,36;FALSE
Matondo;MD;4,9;0,22;0;0;;Auxerre;42,71;43,938;41,734;43,012;;;;;;;;;;;;88,76;49;2;2;57,14;1;;;1;;0;;2;7;;1;;;-3;;-4;;;2;15;-16,4;-2,12;FALSE
Cafaro;MO;4,88;0,25;0;0;6;Paris FC;28,71;31,83;34,544;33,762;;;;;;;4;32;1;18;;77,86;33;;;66,67;1;;;;1;50;;1;5;1;3;;;-1;;-1;;3;;24,13;-17,12;-0,95;FALSE
Omobamidele;DC;4,88;0,25;0;25;;Strasbourg;18,29;52,126;51,866;51,603;;;;;;;;;;;;89,46;92;2;;0;2;;;1;;0;2;2;4;;;1;;2;;6;;;;12,5;-31;-4,87;FALSE
Ouattara;DL;4,88;0,25;0;75;6,5;Monaco;77,91;57,518;60,319;59,308;1;;;;;1;4;4;;;2;72,06;167;5;3;47,5;4;;;4;3;55;5;3;41;3;13;1;;1;;3;;;5;125,25;-164,12;-19,27;FALSE
Arcus;DL;4,86;0,94;0;100;;Angers;22,09;31,169;32,475;32,021;1;;;;;;2;5;1;2;2;86,43;440;7;11;48,08;11;;;23;15;60;21;10;57;3;14;3;;-3;;-8;;;4;123,7;-161,36;-16,27;FALSE
Belkebla;MD;4,86;1,38;0;100;5,5;Angers;22,09;31,169;32,475;32,021;1;;;;;;2;4;1;2;;90,83;326;9;7;57,41;7;;;16;14;50;9;10;50;;3;5;;-3;1;-8;;;19;141;-139,71;-9,14;FALSE
Mbow;DC;4,86;1,41;0;100;;Paris FC;28,71;31,83;34,544;33,762;2;;;;;;3;12;1;7;1;92,99;513;10;5;61,7;6;;;18;8;0;34;11;36;1;2;2;;;;-1;;;4;134;-162;-15,99;FALSE
Mensah;DL;4,86;0,75;0;100;;Auxerre;42,71;43,938;41,734;43,012;2;;;;;;1;4;;3;1;82,11;423;7;8;65,12;4;;;22;12;52,17;17;9;70;2;13;3;;-3;;-5;;;10;135,86;-164,86;-15,03;FALSE
Gonçalo Ramos;A;4,86;0,56;0;71;6;Paris;81,71;86,587;84,868;85,501;4;;;;;;14;69;8;43;5;77,74;160;1;4;45,45;5;;;5;2;0;2;4;37;3;8;3;;4;;8;2;20;6;58,19;-33,07;-1,16;FALSE
Méthalie;DL;4,86;0,69;0;71;;Toulouse;67,12;53,299;54,256;54,084;3;;;;;;4;4;3;3;4;78,76;233;7;11;46,97;17;;;11;12;53,85;16;5;59;2;9;3;;;;-1;1;1;19;137,64;-155,57;-15,93;FALSE
Kehrer;DC;4,83;1,15;0;100;6;Monaco;77,91;57,518;60,319;59,308;;;;;;;4;13;;5;;87,6;234;1;2;61,9;3;;;2;10;50;7;2;24;;3;;;1;;2;1;2;1;119,67;-138,33;-8,27;FALSE
Igor Silva;DC;4,83;2,02;0;100;;Lorient;39,37;38,616;38,894;39,684;1;;;;;;1;17;;10;1;87,7;208;5;2;64,71;4;;;5;6;58,33;10;8;24;3;3;;;-1;;-3;;;2;170,5;-212,33;-31,37;FALSE
Cadiou;MD;4,83;0,29;0;33;;Lorient;39,37;38,616;38,894;39,684;;;;;;;;22;;11;;71,43;47;2;1;62,5;;;;3;1;0;;5;11;;2;1;;-1;;-8;;1;1;36;-35,83;-3,7;FALSE
Mboula;DC;4,83;0,29;0;100;;Metz;32,88;31,043;30,698;29,793;;;;;;;;3;;1;;84,97;122;2;3;71,43;2;;;3;1;50;5;3;19;;5;;;-2;;-4;;;1;63,67;-83,33;-11,93;TRUE
Makalou;MD;4,83;0,41;0;17;;Brest;60,63;46,703;47,511;48,014;;;;;;;2;2;;;2;48,4;69;1;1;25;1;;;3;2;0;1;4;24;4;3;3;;-2;;-2;;;2;26,92;-36,5;-5,57;FALSE
Merah;MD;4,83;0,61;0;67;;Lyon;63,21;62,089;62,786;62,191;4;;;;;1;2;2;2;2;2;89,8;177;1;1;36,67;8;;;8;6;50;2;;29;5;7;2;;4;;5;2;2;12;67,53;-59,2;-3,62;FALSE
Namli;MO;4,83;0,26;0;33;;Le Havre;21,4;33,361;32,121;31,78;;;;;;1;2;2;1;1;2;71,56;118;4;5;44,83;3;;;5;10;63,64;2;3;36;2;5;3;;-1;;-1;;;9;45,32;-29,4;-0,73;FALSE
Touré;MD;4,8;1,1;0;60;5,5;Le Havre;21,4;33,361;32,121;31,78;1;;;;;;5;42;3;23;1;87,02;181;4;3;46,67;5;;;4;5;50;4;1;33;2;5;5;;-1;;;1;2;7;91;-94,8;-9,48;FALSE
Mandi;DC;4,8;0,57;0;80;;Lille;76,08;71,844;67,073;68,927;;;;;;;1;6;1;2;4;90,09;288;6;5;62,5;6;;;7;7;53,85;7;6;30;3;4;;;;;3;;1;;96,1;-122,8;-13,58;FALSE
Camara;MD;4,8;0,57;0;80;6;Rennes;57,29;46,206;47,639;46,507;0,5;;;;;;1;41;1;24;1;91,73;193;1;4;52,94;7;;;2;7;50;8;3;17;3;4;2;;;;-3;;6;4;81,9;-111,4;-6,22;FALSE
Hanin;DL;4,8;0,45;0;40;7;Angers;22,09;31,169;32,475;32,021;1;;;;;;;10;;4;;68,34;103;;3;50;1;;;;2;53,85;6;3;22;1;2;1;;-2;;-7;;;2;50,6;-71,7;-8,46;FALSE
Bah;DC;4,8;1,25;0;100;;Nice;36,79;44,669;46,073;47,603;1;;;;;1;1;4;;2;;93,58;398;3;4;54,35;8;;;16;10;0;25;9;24;1;3;1;;-1;;-3;;;1;138,4;-185,6;-20,38;FALSE
Nicolaisen;DC;4,79;0,57;0;71;6;Toulouse;67,12;53,299;54,256;54,084;;;;;;;4;4;2;2;;83,59;225;5;5;68,89;9;;;4;6;50;34;8;35;1;4;;;;;-1;;;2;93,73;-118;-10,1;FALSE
Cherif;A;4,79;0,7;0;71;;Angers;22,09;31,169;32,475;32,021;1;;;;;;11;12;7;8;5;66,14;142;2;;35,29;5;;;6;10;55,56;;7;52;;12;6;;-3;;-8;;1;13;64,73;-46,44;-2,51;FALSE
Seko;DC;4,79;0,49;0;86;;Le Havre;21,4;33,361;32,121;31,78;0,5;;;;;;3;3;;;;82,28;262;4;4;56,41;11;;;5;11;50;18;8;43;1;10;;;-2;;-2;;;3;93,5;-92,93;-9,99;FALSE
Mouton;MD;4,75;0,82;0;67;;Angers;22,09;31,169;32,475;32,021;0,5;;;;;1;5;23;2;10;1;70,53;132;;3;32;3;;;2;5;57,14;2;2;37;2;4;4;;-2;;-7;1;3;6;61,67;-68,67;-4,18;FALSE
Mvogo;G;4,75;0,5;0;100;;Lorient;39,37;38,616;38,894;39,684;;;;;;;;;;;;NaN;;;;100;;4;1;;;0;4;6;;;;;4;-1;;-4;;;;87,25;-101,25;-31,95;FALSE
Mawissa;DC;4,75;1,19;0;100;6;Monaco;77,91;57,518;60,319;59,308;;;;;;;;1;;1;1;95,09;392;6;3;57,58;2;;;9;13;50;23;6;21;;3;2;;;;;;1;2;157,63;-181,75;-11,57;TRUE
Akpa;DL;4,75;1,04;0;83;;Auxerre;42,71;43,938;41,734;43,012;1;;;;;1;3;7;1;3;1;81,51;350;6;4;76,74;1;;;5;8;66,67;21;8;46;5;4;;;-2;1;-4;;1;1;131,95;-165,25;-14,52;FALSE
Tiago Santos;DL;4,75;0,35;0;50;7;Lille;76,08;71,844;67,073;68,927;;;;;;;1;1;1;1;;66,67;71;;1;53,33;3;;;;2;50;2;1;20;1;3;1;;-1;;-1;;;6;86;-140;-13,3;FALSE
Zogbé;DL;4,75;0,35;0;0;;Brest;60,63;46,703;47,511;48,014;;;;;;;;8;;4;;50;2;;;0;1;;;1;;0;1;;;;;;;1;;2;;;;6,25;-27;-3,5;FALSE
Nanasi;MO;4,75;0,35;0;50;6;Strasbourg;18,29;52,126;51,866;51,603;;;;;;;;22;;11;;94,12;31;;1;20;1;;;;;50;1;;6;1;1;;;2;;2;;5;3;27,25;-29;-2,95;TRUE
Aït Boudlal;DC;4,75;1,06;0;100;;Rennes;57,29;46,206;47,639;46,507;;;;;;;;3;;;;86,31;44;2;1;50;1;;;1;2;0;2;1;7;;;;;2;;3;;;2;48;-96;-5,05;FALSE
Jansson;A;4,75;0,27;0;50;;Nice;36,79;44,669;46,073;47,603;0,5;;;;;1;6;6;4;4;2;69,72;108;3;3;32,26;4;;;3;5;66,67;;4;33;2;7;3;;-1;;-3;1;1;7;53,75;-49,23;-2,88;FALSE
Abuashvili;A;4,75;0,29;0;50;;Metz;32,88;31,043;30,698;29,793;;;;;;;5;5;2;2;1;87,68;99;;2;38,46;2;;;5;1;60;1;3;18;2;4;5;;-2;;-4;;;2;56,8;-51,15;-1,95;FALSE
Tati;DC;4,75;0,69;0;100;;Nantes;23,92;41,358;41,8;41,795;1;;;;;;1;1;1;1;;87,28;371;7;2;46,15;9;;;7;2;0;23;5;40;1;3;;;-2;;-2;;;2;83,75;-109,33;-8,45;FALSE
Caio Henrique;DL;4,71;0,57;0;57;4,5;Monaco;77,91;57,518;60,319;59,308;0,5;;;;;1;1;5;1;3;5;77,94;307;1;3;43,33;5;;;9;10;55,88;12;6;62;4;5;2;;2;;4;;;3;95,5;-140,71;-16,29;FALSE
Ekomié;DL;4,71;0,91;0;71;;Angers;22,09;31,169;32,475;32,021;;;;;;;4;4;3;3;4;84,11;277;7;11;62,96;8;;;19;8;55,88;12;9;54;3;12;3;;-3;;-8;2;2;14;131,29;-171,5;-11,89;FALSE
McKenzie;DC;4,71;1,07;0;100;6,5;Toulouse;67,12;53,299;54,256;54,084;2;;;;;;;8;;7;;84,54;375;5;8;46,34;8;;;9;7;50;33;9;45;3;7;;;;;-1;;3;3;115,97;-132,29;-16,7;FALSE
Abdul Samed;MD;4,7;0,45;0;60;7;Nice;36,79;44,669;46,073;47,603;;;;;;;;;;;1;91,28;127;4;;36,84;5;;;4;3;0;;3;15;;3;3;;-1;;-1;;;4;47,4;-50,6;-5,42;FALSE
Köhn;G;4,7;0,76;0;80;;Monaco;77,91;57,518;60,319;59,308;;;;;;;;;;;;NaN;;;;0;;6;3;;;0;1;6;;;;;4;2;;3;;;;63,6;-63;-17,8;FALSE
Ibou Sané;A;4,7;0,45;0;20;6,5;Metz;32,88;31,043;30,698;29,793;1;;;;;;1;14;1;8;1;94,35;75;1;3;60;2;;;1;2;55,56;;3;15;;2;2;;-3;;-5;;3;5;38,28;-19,34;-0,78;FALSE
Courcoul;MD;4,7;0,67;0;20;;Angers;22,09;31,169;32,475;32,021;;;;;;;;3;;2;1;56,06;52;1;2;46,15;1;;;2;2;0;1;;16;2;2;2;;-2;;-7;;;2;30,5;-56;-5,24;FALSE
Chergui;DC;4,67;1,33;0;83;;Paris FC;28,71;31,83;34,544;33,762;1;;;;;;2;3;2;3;;92,36;330;2;5;57,58;4;;;9;6;50;16;10;27;1;4;1;;;;-1;;;4;97,83;-136,42;-20,4;FALSE
Brassier;DC;4,67;0,29;0;67;5,5;Rennes;57,29;46,206;47,639;46,507;;;;;;;;16;;6;;86,83;210;1;2;55;;;;1;7;50;8;4;27;;2;3;;;;;;4;1;102,83;-140,67;-18,3;FALSE
Machado;DL;4,67;0,29;0;100;7;Lens;71,29;60,74;60,25;60,218;;;;;;;6;27;3;12;1;85,47;136;3;;40;3;;;7;5;50;4;3;23;;2;4;;1;;2;1;4;3;117,17;-148,33;-15,03;TRUE
Mvuka;MO;4,67;0,88;0;33;;Lorient;39,37;38,616;38,894;39,684;;;;;;;3;21;2;18;2;64,3;126;5;3;55,88;3;;;7;3;50;7;10;24;;3;2;;-3;;-11;;;1;76,08;-121,17;-8,12;FALSE
Garcia;DL;4,67;0,29;0;33;6;Marseille;78,6;66,907;65,096;64,196;;;;;;;1;6;;2;;86,35;89;;2;60;2;;;1;;50;5;4;9;;1;;;-1;;1;;;2;66,83;-89,33;-11,7;FALSE
Kluivert;DC;4,67;0,58;0;0;;Lyon;63,21;62,089;62,786;62,191;;;;;;;;;;;;66,67;17;;;0;;;;;;0;2;2;;;1;;;1;;2;;;;6;-33,33;-7,4;FALSE
Talbi;DC;4,64;1,55;0;100;7;Lorient;39,37;38,616;38,894;39,684;2;;;;;;3;20;;7;;91,89;388;4;3;62,16;1;;;11;4;50;34;14;28;1;3;1;;-2;;-7;;1;2;118,31;-160,14;-19,99;FALSE
Sangui;DL;4,64;0,75;0;43;;Paris FC;28,71;31,83;34,544;33,762;;;;;;2;1;1;;;2;79,41;204;1;2;75;1;;;6;3;63,64;8;7;26;5;1;1;;;1;-1;;;4;52,29;-94,79;-9,44;FALSE
Mboup;A;4,63;0,75;0;50;;Brest;60,63;46,703;47,511;48,014;0,5;;;;;1;3;81;1;47;2;62,92;84;2;2;32,56;7;;;8;3;0;1;1;39;2;4;6;;1;;4;;6;12;77,35;-72,5;-5,15;FALSE
Bokele;A;4,63;0,25;0;25;;Metz;32,88;31,043;30,698;29,793;0,5;;;;;;1;23;1;17;1;79,17;93;;1;52,63;1;;;4;1;66,67;1;3;21;1;2;1;;-3;;-7;;2;3;47,1;-36,22;-2,65;FALSE
Sanson;MD;4,6;0,22;0;0;6;Nice;36,79;44,669;46,073;47,603;;;;;;;1;10;;4;;88,18;59;;1;26,32;4;;;1;3;50;;2;10;1;1;2;;-1;;-4;1;2;2;27,5;-44;-3,74;FALSE
Majecki;G;4,6;1,08;0;100;;Brest;60,63;46,703;47,511;48,014;2;;;;;;;;;;;NaN;;;;50;;7;2;;;0;2;5;;;;;2;-1;;-2;;;;80,8;-90;-10,3;FALSE
Samatta;A;4,58;0,86;0;83;;Le Havre;21,4;33,361;32,121;31,78;1,5;;;;;;12;12;6;6;2;73,3;149;1;1;34,92;9;;;2;3;50;;5;51;4;6;10;;-2;;-2;1;1;16;58,72;-52,42;-2,15;TRUE
Casimir;A;4,58;0,74;0;100;6,5;Auxerre;42,71;43,938;41,734;43,012;1;;;;;;8;30;5;20;6;75,4;270;4;7;49,28;10;;;11;8;56,67;4;9;67;4;11;7;;-4;;-6;3;3;11;128,75;-167,65;-7,73;FALSE
Zouaoui;DL;4,58;0,58;0;100;;Le Havre;21,4;33,361;32,121;31,78;1,5;;;;;;4;9;2;5;4;74,78;415;6;5;38;10;;;19;4;55,56;14;7;104;5;9;8;;-2;;-2;;;6;163,25;-227;-25,27;FALSE
Abergel;MD;4,57;1,77;0;100;7,5;Lorient;39,37;38,616;38,894;39,684;2;;;;;;7;27;5;21;2;87,83;536;3;8;49,06;10;;;13;15;66,67;13;14;72;5;8;4;;-2;;-7;1;1;5;154,86;-184,07;-17,84;FALSE
Bard;DL;4,57;1,57;0;86;6,5;Nice;36,79;44,669;46,073;47,603;2;;;;;2;6;27;2;14;5;78,95;457;4;4;48,15;5;;;16;18;58,33;17;9;84;6;12;9;;-1;;-3;;3;9;173,64;-221,64;-21,67;FALSE
Ghezzal;MO;4,5;0;0;0;;Lyon;63,21;62,089;62,786;62,191;;;;;;;1;1;1;1;1;39,28;20;;1;42,86;1;;;1;1;50;;3;4;;;;;;;-1;;;1;17,35;-11,4;-0,3;FALSE
Ikoné;MO;4,5;0;0;0;;Paris FC;28,71;31,83;34,544;33,762;;;;;;;;22;;14;1;93,75;27;;;50;;;;;1;0;2;;3;1;2;;;1;;2;;5;1;17,35;-6,3;0,1;FALSE
Deminguet;MO;4,5;0,71;0;67;;Metz;32,88;31,043;30,698;29,793;1;;;;;;1;18;1;13;2;86,28;191;6;5;45,45;4;;;5;6;50;3;5;30;;6;8;;-4;;-8;;;2;68,92;-103,83;-7,27;FALSE
Kolodziejczak;DC;4,5;0,71;0;50;;Paris FC;28,71;31,83;34,544;33,762;;;;;;;;13;;3;;75,68;98;1;;33,33;;;;1;;0;7;1;9;1;;;;;1;;;1;;44,5;-103;-6,4;FALSE
Sangante;DC;4,5;0,71;0;100;6,5;Le Havre;21,4;33,361;32,121;31,78;1;;;;;;;4;;3;;84,86;456;7;2;61,11;9;;;8;4;0;25;8;49;2;5;2;;-2;;-2;;;2;115;-167,5;-15,35;FALSE
Mara;A;4,5;0,41;0;75;7;Auxerre;42,71;43,938;41,734;43,012;1;;;;;;8;24;7;20;1;71,28;90;;2;42,86;6;;;;4;0;;4;25;2;6;2;;-2;;-3;1;3;5;50,15;-42,95;-0,52;FALSE
Dieng;A;4,5;0;0;0;5,5;Lorient;39,37;38,616;38,894;39,684;;;;;;;2;12;2;9;1;NaN;4;;;20;3;;;;;0;;;2;;;1;;-1;;-2;;2;;29;-14,8;0,1;FALSE
Raghouber;MD;4,5;0;0;0;;Lille;76,08;71,844;67,073;68,927;;;;;;;;12;;4;;66,67;9;;;0;;;;;1;0;;;3;;1;;;1;;6;;;;15;-21,5;-5,3;FALSE
Nagida;DL;4,5;1;0;0;4,5;Rennes;57,29;46,206;47,639;46,507;;;;;;;3;7;1;4;1;90,4;63;1;;60;2;;;2;1;66,67;4;4;10;1;1;;;1;1;-1;1;1;2;63;-115,75;-12,65;FALSE
Coulibaly;MD;4,5;0,41;0;50;;Monaco;77,91;57,518;60,319;59,308;;;;;;;1;2;1;2;1;46,66;108;1;4;47,06;4;;;2;1;50;2;4;12;1;3;1;;1;;;;;4;45,5;-64,87;-6,6;TRUE
Edjouma;A;4,5;0,61;0;40;6;Toulouse;67,12;53,299;54,256;54,084;1;;;;;;1;6;1;4;3;64,61;91;3;2;31,25;2;;;2;7;58,33;5;2;31;5;2;6;;;;-1;;2;6;44,02;-33,06;-1,36;FALSE
Bombito;DC;4,5;0,71;0;100;;Nice;36,79;44,669;46,073;47,603;;;;;;;;7;;2;;79,77;81;2;2;60;3;;;2;2;0;6;;11;;;1;;;;;;1;;121;-175,5;-3,25;TRUE
Molébé;A;4,5;0;0;0;;Lyon;63,21;62,089;62,786;62,191;;;;;;;;;;;;60;5;;;0;;;;;;0;;;2;;;;;1;;1;;;;;-4,5;-0,8;FALSE
Diop;A;4,5;0;0;0;;Brest;60,63;46,703;47,511;48,014;;;;;;;1;1;1;1;;50;7;;;75;;;;;1;0;;1;2;;1;1;;-2;;-4;;;;11,35;-2,6;0,25;TRUE
Bodart;G;4,5;0;0;100;;Lille;76,08;71,844;67,073;68,927;;;;;;;;;;;;NaN;;;;0;;1;;;;0;1;1;;;;;;-1;;-1;;;;30;-40;-18,2;FALSE
Bourgault;DL;4,5;0;0;0;7;Brest;60,63;46,703;47,511;48,014;;;;;;;1;3;;2;;100;11;1;;50;;;;;;0;1;2;;;;;;-1;;-2;;;;37;-108;-19;FALSE
Guerti;MO;4,5;0;0;0;;Metz;32,88;31,043;30,698;29,793;;;;;;;;;;;;75;15;1;1;75;;;;;1;0;;3;4;;;1;;-1;;-3;;;1;44,5;-64,5;-7,3;TRUE
Hidalgo;A;4,5;0,45;0;17;;Toulouse;67,12;53,299;54,256;54,084;;;;;2;;1;1;;;;70,88;79;;3;42,31;4;;;2;4;50;1;1;27;3;1;3;;;;-1;;;8;30,45;-23,33;-1,07;FALSE
Camara;A;4,5;0,35;0;20;;Nantes;23,92;41,358;41,8;41,795;;;;;;;3;3;2;2;2;56,64;61;1;2;30,77;2;;;5;3;50;;1;18;;2;4;;-1;;-1;1;1;5;37,8;-29,12;-1,24;FALSE
Mukiele;A;4,5;0;0;0;;Rennes;57,29;46,206;47,639;46,507;;;;;;;2;2;2;2;1;90,91;24;;;14,29;3;;;1;;50;1;;6;1;;2;;;;;;;2;40,7;-35,2;-1,1;FALSE
Jangeal;MO;4,5;0;0;0;;Paris;81,71;86,587;84,868;85,501;;;;;;;;;;;;100;13;;;0;1;;;;1;0;1;;1;;2;1;;1;;2;;;;9;-8,5;-0,9;TRUE
Mbaye;A;4,43;0,73;0;43;6;Paris;81,71;86,587;84,868;85,501;2;;;;;;4;14;2;8;3;88,59;259;1;3;36,59;5;;;1;10;54,55;;2;59;6;4;4;;4;;8;1;6;15;44,21;-37,96;-2,83;FALSE
Machine;A;4,42;0,38;0;0;;Angers;22,09;31,169;32,475;32,021;;;;;;;7;8;2;3;1;70,83;52;;1;25;3;;;2;1;50;1;;17;;4;4;;-2;;-3;1;1;3;20,6;-24,12;-1,1;FALSE
Yongwa;DL;4,4;0,89;0;20;7;Lorient;39,37;38,616;38,894;39,684;;;;;;1;1;29;1;15;;68,73;58;1;;36,36;3;;;;1;60;2;3;15;1;3;;;-3;;-9;;1;3;26;-109,1;-9,8;FALSE
Kvaratskhelia;A;4,4;0,42;0;60;7;Paris;81,71;86,587;84,868;85,501;1;;;;;;6;63;3;38;2;90,63;173;2;1;48,57;2;;;1;2;0;2;3;35;1;8;5;;3;;7;;6;7;38,12;-33,46;-1,9;FALSE
Sotoca;A;4,38;0,25;0;0;7;Lens;71,29;60,74;60,25;60,218;;;;;;;;33;;21;;35,42;23;2;;33,33;1;;;;;0;1;;9;;1;1;;2;;5;;3;2;6,18;-6,55;-0,7;FALSE
Kevin Carlos;A;4,38;0,63;0;75;;Nice;36,79;44,669;46,073;47,603;1;;;;;;11;11;8;8;4;75,89;68;;;45,71;7;;;1;;0;2;6;19;;;2;;;;-2;5;5;6;53,1;-51,45;-1,5;FALSE
Locko;DL;4,36;0,9;0;100;;Brest;60,63;46,703;47,511;48,014;1,5;;;;;;2;3;1;1;2;78,42;363;4;10;47,62;5;;;16;10;61,9;12;9;76;3;11;6;;-1;;;;;10;127,21;-193,29;-21,56;FALSE
Kouao;DL;4,36;0,8;0;100;;Metz;32,88;31,043;30,698;29,793;1;;;;;;3;12;2;8;4;85,6;407;2;15;52,05;11;;;18;11;56;19;12;45;5;12;5;;-5;;-11;;1;7;154,14;-242,86;-20,31;FALSE
Mambimbi;A;4,36;0,38;0;14;;Le Havre;21,4;33,361;32,121;31,78;;;;;;;3;3;1;1;;35,71;50;2;1;35;6;;;1;4;0;2;2;18;1;2;2;;-2;;-2;1;1;4;14,67;-13,46;-0,76;FALSE
Chilwell;DL;4,33;0,58;0;100;;Strasbourg;18,29;52,126;51,866;51,603;;;;;;;;5;;3;;80,02;159;;3;43,48;2;;;4;1;50;11;4;36;;1;3;;1;;1;;;8;85,5;-182,33;-27,7;FALSE
Kamara;G;4,33;2,08;0;100;;Lorient;39,37;38,616;38,894;39,684;1;;;;;;;;;;;NaN;;;;100;;5;2;;;0;2;8;;;;;3;-1;;-3;;;;92;-170;-75,97;FALSE
Allevinah;A;4,33;0,29;0;0;6,5;Angers;22,09;31,169;32,475;32,021;;;;;;;2;33;1;20;;93,33;31;;1;50;;;;2;2;50;1;;9;;1;1;;;;;;5;2;19,9;-14,13;-0,53;TRUE
Julien Lopez;MO;4,33;0,29;0;0;;Paris FC;28,71;31,83;34,544;33,762;;;;;;;;16;;11;;47,22;12;1;;0;;;;1;;50;;1;4;;;1;;-1;;-2;;2;;4,67;-5,47;-0,5;FALSE
Brunner;A;4,33;0,29;0;33;;Monaco;77,91;57,518;60,319;59,308;;;;;;;1;1;1;1;1;50,93;32;1;1;31,25;6;;;;3;0;;2;15;;1;1;;3;;6;;;5;19,73;-26;-2,1;FALSE
Siwe;DC;4,33;0,29;0;100;;Auxerre;42,71;43,938;41,734;43,012;;;;;;;1;1;;;1;83,27;100;4;3;37,5;2;;;2;3;0;6;3;17;1;4;2;;-1;;-2;;;2;73,33;-144;-16;TRUE
Sabaly;A;4,3;0,45;0;80;6,5;Metz;32,88;31,043;30,698;29,793;1;;;;1;1;2;50;1;36;3;73,82;144;2;3;34,88;4;;;5;7;50;2;8;45;3;5;6;;-3;;-7;1;9;11;83,1;-111,08;-3,82;FALSE
Stambouli;MD;4,3;1,15;0;100;;Metz;32,88;31,043;30,698;29,793;1;;;;;1;3;19;1;11;1;80,45;283;3;6;50;7;;;10;12;60;9;10;59;6;6;3;;-4;;-8;;;7;129,9;-188;-19,46;TRUE
Afonso Moreira;A;4,3;0,45;0;0;;Lyon;63,21;62,089;62,786;62,191;;;;;;;1;1;;;;73,33;30;1;2;31,25;4;;;1;2;50;;2;7;;1;2;;3;;5;;;;16,94;-18,42;-0,72;FALSE
Hamel;A;4,25;0,35;0;50;;Paris FC;28,71;31,83;34,544;33,762;;;;;;;;28;;14;;33,34;12;1;;25;2;;;1;;0;;2;3;;;;;-2;;-4;;6;;9;-17,9;-0,6;TRUE
Abdi;DL;4,25;1,06;0;100;6,5;Nice;36,79;44,669;46,073;47,603;;;;;;;;24;;13;1;70,84;39;2;;33,33;2;;;1;2;50;1;;8;;2;;;;;;;4;1;50;-139;-7;FALSE
Doucet;MD;4,25;1,06;0;50;;Paris FC;28,71;31,83;34,544;33,762;;;;;;;1;11;;4;;88,89;49;;;20;4;;;;;0;2;4;6;3;;2;;-2;1;-4;;;;50;-117,25;-6,45;TRUE
Kalumba;A;4,25;0,29;0;75;;Angers;22,09;31,169;32,475;32,021;0,5;;;;;;1;2;1;2;3;74,6;142;1;3;35,9;3;;;4;3;71,43;3;4;50;4;2;4;;-3;;-8;;;11;57,53;-69,47;-4,2;FALSE
Pizarro;A;4,25;0,35;0;0;;Le Havre;21,4;33,361;32,121;31,78;;;;;;;;;;;;50;5;;;25;1;;;;3;0;;;2;;;;;;;;;;1;6,5;-5,8;-0,45;FALSE
Nguene;A;4,25;0,35;0;0;;Nice;36,79;44,669;46,073;47,603;;;;;;;;;;;;75;21;2;;33,33;2;;;1;;50;;2;7;;1;1;;-2;;-3;;;3;12,5;-18,4;-1,2;TRUE
Verdonk;DL;4,25;0,35;0;50;;Lille;76,08;71,844;67,073;68,927;;;;;;;1;1;1;1;1;80,57;159;3;1;66,67;2;;;8;;50;4;4;26;4;8;;;-2;;-4;;;;138,75;-239;-24,65;FALSE
Yegbe;DC;4,2;1,6;0;100;;Metz;32,88;31,043;30,698;29,793;1,5;;;;;;1;1;1;1;1;85,13;358;4;3;60;3;;;12;4;60;29;10;55;1;6;;;-3;1;-7;1;1;6;109,68;-204,5;-27,62;FALSE
Meïté;DC;4,13;0,95;0;100;7;Lorient;39,37;38,616;38,894;39,684;1;;;;;;2;3;1;2;1;85,47;263;2;;44,44;4;;;6;3;50;14;6;39;;7;1;;-1;;-4;;;8;121,45;-214;-26,22;FALSE
Madjo;A;4,13;0,48;0;50;;Metz;32,88;31,043;30,698;29,793;;;;;;;3;3;2;2;1;28,89;37;;;46,15;2;;;;3;0;2;2;17;;4;2;;-4;;-8;;;7;18,15;-34,45;-0,85;FALSE
Faye;DC;4,08;1,59;0;83;;Lorient;39,37;38,616;38,894;39,684;;;;;;;4;4;1;1;;88,75;389;10;6;58,49;10;;;11;3;0;28;13;39;;5;3;;-1;1;-6;;;;129,98;-237,75;-26,88;FALSE
Trapp;G;4;0;0;100;;Paris FC;28,71;31,83;34,544;33,762;;;;;;;;;;;;NaN;;;;100;;;;;;0;1;2;;;;;;1;;1;;;;20;-60;-42,7;FALSE
Mbemba;DC;4;1,41;0;50;7,5;Lille;76,08;71,844;67,073;68,927;;;;;;;1;1;1;1;1;94,88;130;;4;55,56;4;;;2;3;0;11;4;7;1;4;2;;;;-2;;;1;136,25;-236;-21,2;FALSE
Touré;DC;4;0;0;100;;Lille;76,08;71,844;67,073;68,927;;;;;;;;;;;;90;44;2;;37,5;;;;1;1;0;5;2;10;;2;1;;;;;;;1;69;-181;-31,8;TRUE
Ganiou;DC;4;0;0;100;;Lens;71,29;60,74;60,25;60,218;;;;;;;;6;;1;;86,36;61;1;;36,36;4;;;2;3;50;5;1;11;;;;;1;;1;;;4;153;-235;-18,2;TRUE
Tiago Gouveia;MO;4;0,71;0;50;;Nice;36,79;44,669;46,073;47,603;;;;;;;3;3;1;1;1;78,11;67;;2;41,67;1;;;1;1;0;1;2;17;1;;1;;;;-2;;;3;53,9;-138,75;-14,15;FALSE
Ballo-Touré;DL;3,75;0,35;0;100;;Metz;32,88;31,043;30,698;29,793;;;;;;;2;2;1;1;;92,21;110;;2;62,5;;;;3;3;60;1;5;18;1;5;3;;-2;;-6;;;3;90,75;-245,25;-28,1;FALSE
Biumla;DC;3,67;1,89;0;33;4,5;Angers;22,09;31,169;32,475;32,021;;;;;;;;4;;2;;89,76;94;1;2;50;;;;6;4;0;8;5;15;;3;1;;-3;1;-8;;1;2;63;-199,67;-24,03;FALSE
Nzingoula;MO;3,5;0;0;0;6;Strasbourg;18,29;52,126;51,866;51,603;;;;;;;;15;;11;1;66,67;4;;;0;1;;;;;0;;1;2;1;1;1;;-1;;-1;;1;;19;-148;-2,8;TRUE
Colin;DL;3,33;1,53;0;33;;Metz;32,88;31,043;30,698;29,793;;;;;;;;;;;;89,49;130;;1;50;;;;6;;50;2;9;19;;5;2;;-3;;-7;;;3;44,47;-234,67;-34,2;FALSE
Hateboer;DL;3;0;0;0;;Rennes;57,29;46,206;47,639;46,507;;;;;;;;3;;1;;100;12;;;33,33;2;;;;;0;1;1;3;;;;;;1;;;;1;12;-216,5;-7,5;FALSE
Riou;G;0;0;0;0;;Paris FC;28,71;31,83;34,544;33,762;;;;;;;;;;;;NaN;;;;0;;;;;;0;;;;;;;;;;;;;;80;-143,33;-49,2;TRUE
Dupé;G;0;0;0;0;;Nice;36,79;44,669;46,073;47,603;;;;;;;;;;;;NaN;;;;0;;;;;;0;;;;;;;;;;;;;;;;;FALSE
Bamba;DC;0;0;0;0;;Angers;22,09;31,169;32,475;32,021;;;;;;;;1;;;;83,76;;;;0;;;;;;0;;;;;;;;;;;;1;;93,81;-129,84;-15,05;FALSE
Leroy;G;0;0;0;0;;Lorient;39,37;38,616;38,894;39,684;;;;;;;;;;;;NaN;;;;0;;;;;;0;;;;;;;;;;;;;;;;;FALSE
Tousart;MD;0;0;0;0;;Brest;60,63;46,703;47,511;48,014;;;;;;;;;;;;NaN;;;;0;;;;;;0;;;;;;;;;;;;;;;;;TRUE
Pogba;MO;0;0;0;0;;Monaco;77,91;57,518;60,319;59,308;;;;;;;;;;;;NaN;;;;0;;;;;;0;;;;;;;;;;;;;;;;;FALSE
Asoro;A;0;0;0;0;6;Metz;32,88;31,043;30,698;29,793;;;;;;;;10;;7;;62,34;;;;0;;;;;;0;;;;;;;;;;;;1;;68,68;-46,45;1,37;TRUE
Caillard;G;0;0;0;0;;Lille;76,08;71,844;67,073;68,927;;;;;;;;;;;;NaN;;;;0;;;;;;0;;;;;;;;;;;;;;;;;TRUE
Gurtner;G;0;0;0;0;;Lens;71,29;60,74;60,25;60,218;;;;;;;;;;;;NaN;;;;0;;;;;;0;;;;;;;;;;;;;;;;;FALSE
Ndombélé;MD;0;0;0;0;7;Nice;36,79;44,669;46,073;47,603;;;;;;;;8;;5;;88,98;;;;0;;;;;;0;;;;;;;;;;;;3;;150,5;-96,25;-9,52;TRUE
André Gomes;MD;0;0;0;0;7;Lille;76,08;71,844;67,073;68,927;;;;;;;;10;;6;;90,94;;;;0;;;;;;0;;;;;;;;;;;;;;126,83;-97,2;-10,71;TRUE
Blanco;G;0;0;0;0;;Marseille;78,6;66,907;65,096;64,196;;;;;;;;;;;;NaN;;;;0;;;;;;0;;;;;;;;;;;;;;70,5;-40;-9,1;TRUE
Alakouch;DL;0;0;0;0;;Paris FC;28,71;31,83;34,544;33,762;;;;;;;;3;;2;;NaN;;;;0;;;;;;0;;;;;;;;;;;;;;;;;TRUE
Domínguez;G;0;0;0;0;;Toulouse;67,12;53,299;54,256;54,084;;;;;;;;;;;;NaN;;;;0;;;;;;0;;;;;;;;;;;;;;10;;0,6;FALSE
Bajic;G;0;0;0;0;;Strasbourg;18,29;52,126;51,866;51,603;;;;;;;;;;;;NaN;;;;0;;;;;;0;;;;;;;;;;;;;;;;;TRUE
Centonze;DL;0;0;0;0;;Nantes;23,92;41,358;41,8;41,795;;;;;;;;;;;;68,02;;;;0;;;;;;0;;;;;;;;;;;;;;66,24;-79,29;-6,19;TRUE
Mpasi;G;0;0;0;0;;Le Havre;21,4;33,361;32,121;31,78;;;;;;;;;;;;NaN;;;;0;;;;;;0;;;;;;;;;;;;;;;;;FALSE
Gallon;G;0;0;0;0;;Rennes;57,29;46,206;47,639;46,507;;;;;;;;;;;;NaN;;;;0;;;;;;0;;;;;;;;;;;;;;10;;;TRUE
Maupay;A;0;0;0;0;6;Marseille;78,6;66,907;65,096;64,196;;;;;;;;15;;10;;78,69;;;;0;;;;;;0;;;;;;;;;;;;6;;65,24;-32,85;3,76;TRUE
Diomandé;DC;0;0;0;0;4,5;Auxerre;42,71;43,938;41,734;43,012;;;;;;;;9;;7;;82,73;;;;0;;;;;;0;;;;;;;;;;;;;;151,06;-173,33;-18,31;TRUE
Gueye;MO;0;0;0;0;;Paris FC;28,71;31,83;34,544;33,762;;;;;;;;;;;;NaN;;;;0;;;;;;0;;;;;;;;;;;;;;;;;TRUE
Touré;DC;0;0;0;0;7,5;Lorient;39,37;38,616;38,894;39,684;;;;;;;;4;;3;;89,58;;;;0;;;;;;0;;;;;;;;;;;;;;142,27;-179,77;-18,77;TRUE
Sow;DL;0;0;0;0;4,5;Strasbourg;18,29;52,126;51,866;51,603;;;;;;;;6;;3;;86,1;;;;0;;;;;;0;;;;;;;;;;;;1;;130,65;-176,1;-19,99;TRUE
Fadiga;MO;0;0;0;0;;Lorient;39,37;38,616;38,894;39,684;;;;;;;;1;;1;;NaN;;;;0;;;;;;0;;;;;;;;;;;;;;;;;FALSE
Himeur;G;0;0;0;0;;Paris FC;28,71;31,83;34,544;33,762;;;;;;;;;;;;NaN;;;;0;;;;;;0;;;;;;;;;;;;;;;;;TRUE
Lienard;G;0;0;0;0;;Monaco;77,91;57,518;60,319;59,308;;;;;;;;;;;;NaN;;;;0;;;;;;0;;;;;;;;;;;;;;;;;FALSE
Nadje;A;0;0;0;0;;Angers;22,09;31,169;32,475;32,021;;;;;;;;1;;1;;NaN;;;;0;;;;;;0;;;;;;;;;;;;;;;;;TRUE
Haug;G;0;0;0;0;;Toulouse;67,12;53,299;54,256;54,084;;;;;;;;;;;;NaN;;;;0;;;;;;0;;;;;;;;;;;;;;63,5;-42,5;-17,1;FALSE
Wasbauer;DC;0;0;0;0;;Toulouse;67,12;53,299;54,256;54,084;;;;;;;;;;;;NaN;;;;0;;;;;;0;;;;;;;;;;;;;;;;;TRUE
Mangala;MD;0;0;0;0;6;Lyon;63,21;62,089;62,786;62,191;;;;;;;;14;;7;;93,1;;;;0;;;;;;0;;;;;;;;;;;;;;105,5;-151;-3;TRUE
Zinga;G;0;0;0;0;;Angers;22,09;31,169;32,475;32,021;;;;;;;;;;;;NaN;;;;0;;;;;;0;;;;;;;;;;;;;;92;-130;-4,7;FALSE
Housni;A;0;0;0;0;;Paris;81,71;86,587;84,868;85,501;;;;;;;;4;;2;;43,61;;;;0;;;;;;0;;;;;;;;;;;;;;19,95;-20,77;-0,92;TRUE
Sobol;DL;0;0;0;0;;Strasbourg;18,29;52,126;51,866;51,603;;;;;;;;;;;;58;;;;0;;;;;;0;;;;;;;;;;;;;;16,3;-22,25;-2,23;FALSE
Ndayishimiye;DC;0;0;0;0;7;Nice;36,79;44,669;46,073;47,603;;;;;;;;8;;4;;87,95;;;;0;;;;;;0;;;;;;;;;;;;1;;178,33;-128,63;-11,6;TRUE
Acapandié;DL;0;0;0;0;;Nantes;23,92;41,358;41,8;41,795;;;;;;;;;;;;NaN;;;;0;;;;;;0;;;;;;;;;;;;;;;;;FALSE
Mbaye;A;0;0;0;0;;Metz;32,88;31,043;30,698;29,793;;;;;;;;11;;8;;57,31;;;;0;;;;;;0;;;;;;;;;;;;;;60,5;-54,5;-2,08;TRUE
Logbo;A;0;0;0;0;;Le Havre;21,4;33,361;32,121;31,78;;;;;;;;1;;;;75;;;;0;;;;;;0;;;;;;;;;;;;1;;9;-38;-2,8;TRUE
Buayi-Kiala;MD;0;0;0;0;;Auxerre;42,71;43,938;41,734;43,012;;;;;;;;;;;;NaN;;;;0;;;;;;0;;;;;;;;;;;;;;;;;FALSE
Sylla;DC;0;0;0;0;5;Strasbourg;18,29;52,126;51,866;51,603;;;;;;;;1;;1;;73,75;;;;0;;;;;;0;;;;;;;;;;;;;;80,7;-100,69;-10,17;FALSE
Ferro;MO;0;0;0;0;;Strasbourg;18,29;52,126;51,866;51,603;;;;;;;;;;;;NaN;;;;0;;;;;;0;;;;;;;;;;;;;;;;;TRUE
Schmidt;MO;0;0;0;0;7,5;Toulouse;67,12;53,299;54,256;54,084;;;;;;;;1;;;;84,12;;;;0;;;;;;0;;;;;;;;;;;;;;66,94;-40,11;-4,76;TRUE
Negrel;G;0;0;0;0;;Auxerre;42,71;43,938;41,734;43,012;;;;;;;;;;;;NaN;;;;0;;;;;;0;;;;;;;;;;;;;;;;;FALSE
Nuamah;A;0;0;0;0;6,5;Lyon;63,21;62,089;62,786;62,191;;;;;;;;23;;17;;79,99;;;;0;;;;;;0;;;;;;;;;;;;1;;93,39;-59,21;1,97;TRUE
Chávez;DL;0;0;0;0;7,5;Lens;71,29;60,74;60,25;60,218;;;;;;;;1;;1;;78,46;;;;0;;;;;;0;;;;;;;;;;;;;;124,75;-114,4;-11,32;FALSE
El Djebali;MO;0;0;0;0;;Lyon;63,21;62,089;62,786;62,191;;;;;;;;;;;;87,5;;;;0;;;;;;0;;;;;;;;;;;;;;13;-37;-6,4;TRUE
Sidi Ali;A;0;0;0;0;;Marseille;78,6;66,907;65,096;64,196;;;;;;;;1;;;;83,34;;;;0;;;;;;0;;;;;;;;;;;;;;12,75;-22,05;-1,65;TRUE
Adjei;DC;0;0;0;0;;Lorient;39,37;38,616;38,894;39,684;;;;;;;;1;;1;;84,37;;;;0;;;;;;0;;;;;;;;;;;;;;112,08;-158,9;-18,58;FALSE
Mahamoud;A;0;0;0;0;;Nantes;23,92;41,358;41,8;41,795;;;;;;;;;;;;50;;;;0;;;;;;0;;;;;;;;;;;;;;4,7;-9,4;-0,9;TRUE
Ollila;DL;0;0;0;0;;Paris FC;28,71;31,83;34,544;33,762;;;;;;;;2;;1;;NaN;;;;0;;;;;;0;;;;;;;;;;;;;;;;;TRUE
Mongo;DC;0;0;0;0;;Nantes;23,92;41,358;41,8;41,795;;;;;;;;;;;;NaN;5;1;1;33,33;;;;;;0;;1;2;;;;;1;;1;;;;27;-56;-9;TRUE
Dago;A;0;0;0;0;;Lille;76,08;71,844;67,073;68,927;;;;;;;;27;;20;;12,5;;;;0;;;;;;0;;;;;;;;;;;;2;;27,18;-3,65;0,25;TRUE
Abdallah;A;0;0;0;0;;Marseille;78,6;66,907;65,096;64,196;;;;;;;;;;;;100;;;;0;;;;;;0;;;;;;;;;;;;;;5;-3;-0,1;FALSE
Michal;A;0;0;0;0;;Monaco;77,91;57,518;60,319;59,308;;;;;;;;3;;1;;82,29;;;;0;;;;;;0;;;;;;;;;;;;1;;15,34;-13,45;-0,63;FALSE
Sy;G;0;0;0;0;;Metz;32,88;31,043;30,698;29,793;;;;;;;;;;;;NaN;;;;0;;;;;;0;;;;;;;;;;;;;;;;;FALSE
Kamara;MD;0;0;0;0;;Rennes;57,29;46,206;47,639;46,507;;;;;;;;;;;;84,55;;;;0;;;;;;0;;;;;;;;;;;;;;83,77;-61,85;-5,04;FALSE
Safonov;G;0;0;0;0;;Paris;81,71;86,587;84,868;85,501;;;;;;;;;;;;NaN;;;;0;;;;;;0;;;;;;;;;;;;;;66,9;-27,5;-2,56;FALSE
Lahmadi;MD;0;0;0;0;;Toulouse;67,12;53,299;54,256;54,084;;;;;;;;;;;;NaN;;;;0;;;;;;0;;;;;;;;;;;;;;;;;TRUE
Argney;G;0;0;0;0;;Le Havre;21,4;33,361;32,121;31,78;;;;;;;;;;;;NaN;;;;0;;;;;;0;;;;;;;;;;;;;;;;;FALSE
Diallo;MO;0;0;0;0;;Strasbourg;18,29;52,126;51,866;51,603;;;;;;;;;;;;NaN;;;;0;;;;;;0;;;;;;;;;;;;;;;;;TRUE
Tutu;G;0;0;0;0;;Strasbourg;18,29;52,126;51,866;51,603;;;;;;;;;;;;NaN;;;;0;;;;;;0;;;;;;;;;;;;;;;;;TRUE
Pona;G;0;0;0;0;;Angers;22,09;31,169;32,475;32,021;;;;;;;;;;;;NaN;;;;0;;;;;;0;;;;;;;;;;;;;;;;;FALSE
Stawiecki;G;0;0;0;0;;Monaco;77,91;57,518;60,319;59,308;;;;;;;;;;;;NaN;;;;0;;;;;;0;;;;;;;;;;;;;;;;;TRUE
Kanté;MO;0;0;0;0;;Brest;60,63;46,703;47,511;48,014;;;;;;;;;;;;NaN;;;;0;;;;;;0;;;;;;;;;;;;;;;;;TRUE
Ojediran;MD;0;0;0;0;6;Lens;71,29;60,74;60,25;60,218;;;;;;;;8;;6;;72,92;;;;0;;;;;;0;;;;;;;;;;;;;;64,44;-42,88;-3,46;TRUE
Diallo;MO;0;0;0;0;;Lens;71,29;60,74;60,25;60,218;;;;;;;;;;;;NaN;;;;0;;;;;;0;;;;;;;;;;;;;;;;;TRUE
Zohouri;MO;0;0;0;0;;Le Havre;21,4;33,361;32,121;31,78;;;;;;;;;;;;NaN;;;;0;;;;;;0;;;;;;;;;;;;;;;;;TRUE
Van Neck;G;0;0;0;0;;Marseille;78,6;66,907;65,096;64,196;;;;;;;;;;;;NaN;;;;0;;;;;;0;;;;;;;;;;;;;;;;;FALSE
Salhi;A;0;0;0;0;;Nice;36,79;44,669;46,073;47,603;;;;;;;;;;;;NaN;;;;0;;;;;;0;;;;;;;;;;;;;;;;;FALSE
Doumbouya;DC;0;0;0;0;;Nice;36,79;44,669;46,073;47,603;;;;;;;;;;;;82,86;;;;0;;;;;;0;;;;;;;;;;;;;;54,5;-39,5;-3,45;FALSE
Coulibaly;DC;0;0;0;0;;Brest;60,63;46,703;47,511;48,014;;;;;;;;3;;2;;88,35;;;;0;;;;;;0;;;;;;;;;;;;;;96,36;-96,29;-8,79;TRUE
Mohamed Abdelmonem;DC;0;0;0;0;;Nice;36,79;44,669;46,073;47,603;;;;;;;;;;;;86,86;;;;0;;;;;;0;;;;;;;;;;;;;;121,53;-126,83;-10,15;TRUE
Marin;G;0;0;0;0;;Paris;81,71;86,587;84,868;85,501;;;;;;;;;;;;NaN;;;;0;;;;;;0;;;;;;;;;;;;;;;;;FALSE
Carlgren;G;0;0;0;0;;Nantes;23,92;41,358;41,8;41,795;;;;;;;;;;;;NaN;;;;0;;;;;;0;;;;;;;;;;;;;;153;-70;1,64;FALSE
Jauny;G;0;0;0;0;;Brest;60,63;46,703;47,511;48,014;;;;;;;;;;;;NaN;;;;0;;;;;;0;;;;;;;;;;;;;;;;;TRUE
Antonio;DC;0;0;0;0;;Lens;71,29;60,74;60,25;60,218;;;;;;;;1;;;;74,58;;;;0;;;;;;0;;;;;;;;;;;;;;65,17;-123,17;-10,63;TRUE
Nsingi;A;0;0;0;0;;Nantes;23,92;41,358;41,8;41,795;;;;;;;;1;;1;;33,33;;;;0;;;;;;0;;;;;;;;;;;;;;28;-7,2;0,6;TRUE
Do Marcolino;A;0;0;0;0;;Rennes;57,29;46,206;47,639;46,507;;;;;;;;;;;;NaN;;;;0;;;;;;0;;;;;;;;;;;;;;;;;FALSE
Lachaab;A;0;0;0;0;;Lille;76,08;71,844;67,073;68,927;;;;;;;;1;;1;;50;;;;0;;;;;;0;;;;;;;;;;;;;;9,9;-6,1;-0,2;TRUE
Delplace;G;0;0;0;0;;Lens;71,29;60,74;60,25;60,218;;;;;;;;;;;;NaN;;;;0;;;;;;0;;;;;;;;;;;;;;;;;FALSE
Celik;DC;0;0;0;0;;Lens;71,29;60,74;60,25;60,218;;;;;;;;;;;;NaN;;;;0;;;;;;0;;;;;;;;;;;;;;;;;TRUE
Tincrès;A;0;0;0;0;;Monaco;77,91;57,518;60,319;59,308;;;;;;;;4;;2;;NaN;;;;0;;;;;;0;;;;;;;;;;;;1;;;;;TRUE
Doucouré;DC;0;0;0;0;;Nantes;23,92;41,358;41,8;41,795;;;;;;;;;;;;40;;;;0;;;;;;0;;;;;;;;;;;;;;13,25;-2;1,35;TRUE
Kodia;A;0;0;0;0;;Strasbourg;18,29;52,126;51,866;51,603;;;;;;;;;;;;NaN;;;;0;;;;;;0;;;;;;;;;;;;;;;;;TRUE
Kamara;DC;0;0;0;0;;Paris;81,71;86,587;84,868;85,501;;;;;;;;;;;;93,53;;;;0;;;;;;0;;;;;;;;;;;;;;36,25;-35;-2,55;TRUE
Rodríguez;A;0;0;0;0;;Lyon;63,21;62,089;62,786;62,191;;;;;;;;;;;;100;;;;0;;;;;;0;;;;;;;;;;;;;;16;-14;-1,2;FALSE
Ndjantou;A;0;0;0;0;;Paris;81,71;86,587;84,868;85,501;;;;;;;;;;;;NaN;;;;0;;;;;;0;;;;;;;;;;;;;;;;;FALSE
Hernani Mendes Vaz;MD;0;0;0;0;;Le Havre;21,4;33,361;32,121;31,78;;;;;;;;;;;;NaN;;;;0;;;;;;0;;;;;;;;;;;;;;;;;TRUE
Slama;MO;0;0;0;0;;Paris;81,71;86,587;84,868;85,501;;;;;;;;;;;;NaN;;;;0;;;;;;0;;;;;;;;;;;;;;;;;TRUE
Barisic;DC;0;0;0;0;;Lyon;63,21;62,089;62,786;62,191;;;;;;;;;;;;100;;;;0;;;;;;0;;;;;;;;;;;;;;6,5;;1;TRUE
Oyedele;MD;0;0;0;0;;Strasbourg;18,29;52,126;51,866;51,603;;;;;;;;;;;;NaN;;;;0;;;;;;0;;;;;;;;;;;;;;;;;TRUE
Mirbach;G;0;0;0;0;;Nantes;23,92;41,358;41,8;41,795;;;;;;;;;;;;NaN;;;;0;;;;;;0;;;;;;;;;;;;;;;;;FALSE
Diarra;G;0;0;0;0;;Lyon;63,21;62,089;62,786;62,191;;;;;;;;;;;;NaN;;;;0;;;;;;0;;;;;;;;;;;;;;;;;FALSE
Jourdren;G;0;0;0;0;;Lens;71,29;60,74;60,25;60,218;;;;;;;;;;;;NaN;;;;0;;;;;;0;;;;;;;;;;;;;;;;;TRUE
Monteiro;MO;0;0;0;0;;Nice;36,79;44,669;46,073;47,603;;;;;;;;;;;;NaN;;;;0;;;;;;0;;;;;;;;;;;;;;;;;TRUE
Youssouf;DL;0;0;0;0;;Nice;36,79;44,669;46,073;47,603;;;;;;;;;;;;NaN;;;;0;;;;;;0;;;;;;;;;;;;;;;;;TRUE
Saïd Mchindra;G;0;0;0;0;;Toulouse;67,12;53,299;54,256;54,084;;;;;;;;;;;;NaN;;;;0;;;;;;0;;;;;;;;;;;;;;;;;FALSE
Kiwa;DC;0;0;0;0;;Monaco;77,91;57,518;60,319;59,308;;;;;;;;;;;;NaN;;;;0;;;;;;0;;;;;;;;;;;;;;;;;FALSE
Lawson;DL;0;0;0;0;;Metz;32,88;31,043;30,698;29,793;;;;;;;;;;;;NaN;;;;0;;;;;;0;;;;;;;;;;;;;;;;;TRUE
Coulibaly;MD;0;0;0;0;;Nice;36,79;44,669;46,073;47,603;;;;;;;;;;;;NaN;;;;0;;;;;;0;;;;;;;;;;;;;;;;;TRUE
Bernardeau;MO;0;0;0;0;;Nice;36,79;44,669;46,073;47,603;;;;;;;;;;;;NaN;;;;0;;;;;;0;;;;;;;;;;;;;;;;;FALSE
Diaoune;A;0;0;0;0;;Lille;76,08;71,844;67,073;68,927;;;;;;;;;;;;NaN;;;;0;;;;;;0;;;;;;;;;;;;;;;;;TRUE
Irie;DC;0;0;0;0;;Brest;60,63;46,703;47,511;48,014;;;;;;;;;;;;NaN;;;;0;;;;;;0;;;;;;;;;;;;;;;;;TRUE
Moussaoui;MO;0;0;0;0;;Angers;22,09;31,169;32,475;32,021;;;;;;;;;;;;NaN;;;;0;;;;;;0;;;;;;;;;;;;;;;;;TRUE
Sajous;G;0;0;0;0;;Lille;76,08;71,844;67,073;68,927;;;;;;;;;;;;NaN;;;;0;;;;;;0;;;;;;;;;;;;;;;;;FALSE
Baret;MD;0;0;0;0;;Lille;76,08;71,844;67,073;68,927;;;;;;;;;;;;NaN;;;;0;;;;;;0;;;;;;;;;;;;;;;;;TRUE
Maréchal;MO;0;0;0;0;;Strasbourg;18,29;52,126;51,866;51,603;;;;;;;;;;;;NaN;;;;0;;;;;;0;;;;;;;;;;;;;;;;;TRUE
Mélières;DL;0;0;0;0;;Metz;32,88;31,043;30,698;29,793;;;;;;;;;;;;NaN;;;;0;;;;;;0;;;;;;;;;;;;;;;;;FALSE
Gomis;DC;0;0;0;0;;Le Havre;21,4;33,361;32,121;31,78;;;;;;;;;;;;NaN;;;;0;;;;;;0;;;;;;;;;;;;;;;;;TRUE
Siba;DL;0;0;0;0;;Lorient;39,37;38,616;38,894;39,684;;;;;;;;;;;;NaN;;;;0;;;;;;0;;;;;;;;;;;;;;;;;FALSE
Leaudais;DL;0;0;0;0;;Lorient;39,37;38,616;38,894;39,684;;;;;;;;;;;;NaN;;;;0;;;;;;0;;;;;;;;;;;;;;;;;TRUE
Vignolo;A;0;0;0;0;;Toulouse;67,12;53,299;54,256;54,084;;;;;;;;;;;;NaN;;;;0;;;;;;0;;;;;;;;;;;;;;;;;FALSE
Lung;DC;0;0;0;0;;Strasbourg;18,29;52,126;51,866;51,603;;;;;;;;;;;;NaN;;;;0;;;;;;0;;;;;;;;;;;;;;;;;TRUE
Garin;MD;0;0;0;0;;Angers;22,09;31,169;32,475;32,021;;;;;;;;;;;;NaN;;;;0;;;;;;0;;;;;;;;;;;;;;;;;TRUE
Sanusi;A;0;0;0;0;;Lorient;39,37;38,616;38,894;39,684;;;;;;;;;;;;NaN;;;;0;;;;;;0;;;;;;;;;;;;;;;;;TRUE
Devernois;MD;0;0;0;0;;Auxerre;42,71;43,938;41,734;43,012;;;;;;;;;;;;NaN;;;;0;;;;;;0;;;;;;;;;;;;;;;;;TRUE
Rodin;A;0;0;0;0;;Auxerre;42,71;43,938;41,734;43,012;;;;;;;;;;;;NaN;;;;0;;;;;;0;;;;;;;;;;;;;;;;;TRUE
Legros;DC;0;0;0;0;;Auxerre;42,71;43,938;41,734;43,012;;;;;;;;;;;;NaN;;;;0;;;;;;0;;;;;;;;;;;;;;;;;FALSE
Silistre;G;0;0;0;0;;Rennes;57,29;46,206;47,639;46,507;;;;;;;;;;;;NaN;;;;0;;;;;;0;;;;;;;;;;;;;;;;;FALSE
